"","participantID","intendedVote","ratingLaw","mean_valence_macro","wave"
"1","002ab7b0b814fad14136c1d15ccb5fed",1,5,-0.571428571428572,"t1"
"2","00aad57ff4a113211169af5c6b329c2e",0,1,0,"t1"
"3","01683879f6c49c9ebad7c6c534266561",1,8,2,"t1"
"4","01a06133ecdb226d0f6dc6b631bfe6bc",1,7.5,0.3,"t1"
"5","02c9627c2e2b18bf6caad07af1d97c72",1,5,1.1,"t1"
"6","02e43df351f0428440079aeadaa2b99f",1,6.5,-0.111111111111111,"t1"
"7","03efba53a91a76ae85e9149011533e1c",1,5.5,-0.25,"t1"
"8","044d1da5a49858c34e7e5be8255879cf",1,4,0,"t1"
"9","0601ac9a7c436998060712fa5caab282",1,6,0.454545454545454,"t1"
"10","08103a9242a9af8fb7415d87ca5da54b",1,7,0.25,"t1"
"11","0899e1155516ffa0d518cec45c5bbad1",1,4.5,0.545454545454545,"t1"
"12","08d78a7afe1ac862aa2c52700be612c4",0,3.5,0.181818181818182,"t1"
"13","09b782449dcb4ba70af3f8c103ee4985",1,7.5,-0.25,"t1"
"14","0a7e3b8d48d6cf32cda477f82920b8e4",1,6.5,0,"t1"
"15","0a8f2ef5c0495dee71445824ca82f10c",1,6,0.444444444444444,"t1"
"16","0abce7b279ddc719f691e9ac8dd8f9ce",0,1.5,-1.33333333333333,"t1"
"17","0acb3c6d9dd6db5f94b90f4e0044cd3e",1,8,0.727272727272727,"t1"
"18","0b35a62c71523e9b05cfd06f51904a72",1,7,1.625,"t1"
"19","0b43d0ec0aa20e55de4438d1406d1f52",1,4.5,0.375,"t1"
"20","0bc4a6cc34d58ca4b281d61ddebec1f3",0,3.5,0.25,"t1"
"21","0d04574c8925bcdd786125fb9aa86bbf",1,6.5,-0.384615384615385,"t1"
"22","0d4ca2b688f9a34e31abd6d75f4df18e",1,5,-0.0999999999999999,"t1"
"23","0f8bcd52c85636720e6d13eddaba2967",1,8,-0.125,"t1"
"24","10f5f4ae6ea8eea6344ebefb0861e346",1,7,-0.6,"t1"
"25","113539244524a67cf37072168b80847e",1,6,0,"t1"
"26","11e9773e7d7b9ea280ad0267c16160eb",0,1,-1,"t1"
"27","136a2f64d56fa4246d47591ca8d033bc",1,4.5,0.333333333333333,"t1"
"28","13715271a2d48188ab026af14cf71947",1,6,-0.357142857142857,"t1"
"29","141b3508efb830aa3c7e370f519d9a56",1,7,1,"t1"
"30","1465f529c9bf82664d10d0be7ff0be56",1,4,0.333333333333333,"t1"
"31","16136bcaabf8f1314c3fcb42e0597305",1,6.5,0,"t1"
"32","1635040579286e5b7e1d433dd27e54e5",0,7,0.8,"t1"
"33","18bb2e604239a661fe6e620fb3c19bfd",0,4,0,"t1"
"34","1951e8b19e3056144f06bbf4b4d5f03e",0,6,0.777777777777778,"t1"
"35","19faba9b5f716bd7d821278daf2c10ff",0,3,-0.454545454545455,"t1"
"36","1b0fe7eefa9ef508e414d2acbb6b01f1",1,6,0.333333333333333,"t1"
"37","1c3a3ea2b9e5abc76f6550c26df5fb7a",1,5,-1.27272727272727,"t1"
"38","1d28300b38bfeda77a9fd3f77abef05d",0,1,-1.33333333333333,"t1"
"39","1d32a440bb1c9f017a2492986e63139a",0,1,2.44444444444444,"t1"
"40","1d4f1cc4d819db6b537a97105cce743a",1,8,0,"t1"
"41","204b1d67d2f8c0f19c72c3dd44b7dae1",1,6,1.8,"t1"
"42","2090888493e0b5b927ab4af52cedb41d",1,7,-0.111111111111111,"t1"
"43","2230656153573e88cf41ae29fedd023f",1,7,-0.777777777777778,"t1"
"44","23a1d5ab79b1bf9d6b82bf66a1142395",0,2,-0.333333333333333,"t1"
"45","2401e72320e5232251dfc76c0d1f1e95",0,2.5,0.0999999999999999,"t1"
"46","2523ad29637c9e0714fd12cbffe63d70",1,6,-0.666666666666667,"t1"
"47","26e76b311dddd5cfbec6013154aa693f",1,7,1.22222222222222,"t1"
"48","27199222278d5ef18e98ee5bf125075d",1,7,-0.111111111111111,"t1"
"49","28184a2d2974af244d7e32bc098aa6d4",1,5,-0.5,"t1"
"50","292eb6aff7fb15bb21c2f2aa17847179",1,7,0.222222222222222,"t1"
"51","29f5927106678fff66ec7f7743faabb9",0,1,-2.1,"t1"
"52","2b8caf3d6e73048bc9645aee62748efc",1,7.5,0.2,"t1"
"53","2bb6c4caf4195d1fb5599a9cc87fe9a0",1,5.5,-0.6,"t1"
"54","2bb9962fb478c207b0fcb2e5b8d95b0e",1,5,0.555555555555556,"t1"
"55","2fac7d3262d7b47dd80404a71ecb1164",0,2,-1.88888888888889,"t1"
"56","2fed7c553c7f54d1429ce9a89858a97f",1,8,0.4,"t1"
"57","3013fb14fc91dd05dea198186e068709",1,6.5,0.0666666666666666,"t1"
"58","310fea6e959f942d3f0c6e20b60216c5",1,4,1,"t1"
"59","31adbb8db2db16c14dd745dbb6387c14",1,7,-0.5,"t1"
"60","31b5efefc69c89e87671417da04f06d9",1,7.5,1.375,"t1"
"61","31f27185157d0ae4f4581f6a8a498da8",1,6,0.875,"t1"
"62","331bc110e65507edfaf97c9152ffdaa9",1,5.5,0.5,"t1"
"63","33381bd658cb83e4970fea2700d7577a",1,5.5,1.5,"t1"
"64","336a1d828bebdcbf592acacc9600a09c",0,3,-0.5,"t1"
"65","3404069b5b4d8b910918f42237fe1d99",1,7.5,1,"t1"
"66","35128bf9a8eddecd1932110c6454ee88",0,1,0,"t1"
"67","353519e63c5dcce91235b0c7691be289",1,5,-0.272727272727273,"t1"
"68","354a5a3046d9f006a88196d4737ec8a8",1,5.5,-0.222222222222222,"t1"
"69","35d86c08d35201039ea70eadba5347f8",1,4.5,0,"t1"
"70","36c0d34ccd7f9f55d7633299f7b8ec84",1,8,-0.777777777777778,"t1"
"71","36e006c9dec7d6c8a7edb1b5638c29d7",1,5,-0.444444444444444,"t1"
"72","376dd4399ffb63ee335ed8fa16d1d5fd",1,7.5,1.5,"t1"
"73","37ad79e221eff5d5281e93ba27401a30",1,7.5,0.6,"t1"
"74","3989f6bef8de7ad7559a1be2137e1caf",1,8,0.363636363636364,"t1"
"75","3a1788731aa232c531e8a0733f01a564",1,8,1.125,"t1"
"76","3a7c734726690a61345a580bcf4285b7",0,2.5,-0.5,"t1"
"77","3b2becbfd40d5ba4c7f18a0994adaac0",1,6.5,0.444444444444444,"t1"
"78","3b5c8a468ddbc65793a20cc14ced71a9",0,1.5,-0.3,"t1"
"79","3b606176c2ff2ae2b888f3c6a7d23e15",1,6,0.0999999999999999,"t1"
"80","3c91253a346d5485ebc08242dac11e9b",1,5,-0.444444444444444,"t1"
"81","3d3bc9d76bc93a63858cef11fb639b24",0,4.5,1.375,"t1"
"82","3d7e773f91301b5ec1bf685a0bf252d2",1,5.5,-0.133333333333333,"t1"
"83","3db2aa1783214f6d6bdfc3dbf4b611ec",1,5.5,-0.4,"t1"
"84","3dde662f1a07223c32a4c4e7d3d703eb",0,2.5,0,"t1"
"85","407df2315ddc494dbed10106e517d9aa",1,7,0.1,"t1"
"86","4190decd6a45e2b86b59e24bb8ff2cdb",0,4,0.111111111111111,"t1"
"87","430d9132a99b96f3e439bb47571e6b6a",1,6.5,-0.1,"t1"
"88","444be87539b0c0010cf4614d69e273f4",1,6,0.333333333333333,"t1"
"89","44b7a93dbc07c1f774348b9e84810049",1,5.5,-0.473684210526316,"t1"
"90","460f60f3e3806e18bf854bb2f5fb3f80",1,5.5,-0.222222222222222,"t1"
"91","4702bb8fdf60d6cccfa7fcb7414e9898",1,8,-1.11111111111111,"t1"
"92","47527a7f374f7835f9a8f6b364a95f57",0,1,-0.444444444444444,"t1"
"93","4772b19a4ff533f2ba5f97b88e1e399b",0,3.5,-0.111111111111111,"t1"
"94","47845ac32f62de71c72a8b8f4f201662",1,6,-0.125,"t1"
"95","478d8145314fae7687088bee7c2113ea",1,7.5,0.333333333333333,"t1"
"96","489d61c7b1b4bc486673bb3ac54de60c",1,6.5,0.4,"t1"
"97","4964d555782f1dc14a06e7029a917799",1,7,-0.222222222222222,"t1"
"98","4b89aae3fba3074e10debba5917ada17",1,7,-0.0999999999999999,"t1"
"99","4c27e938832d60936631e0671f93f058",0,3.5,0.111111111111111,"t1"
"100","4c6912da551f7628ab443b3ed8ad84ac",0,1,-2.26666666666667,"t1"
"101","4c9447f2dc53f8d7b19bec0b31a2e5f5",0,4,0.375,"t1"
"102","4d22265bf03558f08c96f266b18614d9",1,5,0.75,"t1"
"103","4dae9fe1182573e6a1aa775b1ebbb0f3",1,5.5,1,"t1"
"104","4e796257dd799eb13e9368a68d78c7b4",1,6,0.333333333333333,"t1"
"105","4eeed2f643675b2986f5812d6f481770",0,1,-2.55555555555556,"t1"
"106","5001ad37ba142763d0a50006938aee77",1,6,0,"t1"
"107","503e5c488a41501478ed4fff78c2d7b2",0,1,-1.11111111111111,"t1"
"108","5047e3daf4ec92012b1c1ffc8c147ae6",1,8,-0.545454545454545,"t1"
"109","509ba06d0627fb570e93eb4b98d21daa",0,1,-1.125,"t1"
"110","5563bccc28833e01ed2c2bb13630cd34",1,7,0.111111111111111,"t1"
"111","582efa56126cd77048b86030c14bd942",1,8,0.7,"t1"
"112","58a75677fee6b480f1f5c9cd602c4e82",1,8,1.5,"t1"
"113","59a74a28e063954bf124d92dd944a088",0,4.5,-1.11111111111111,"t1"
"114","5b6ededd1906cf1b6907c93880bbfa45",1,7,1,"t1"
"115","5c71bb6928d9331f4f2cffd9a217dbf1",1,6.5,-0.444444444444444,"t1"
"116","5c8e052d48eded9e6c1eec8b99f1d27b",1,6.5,0.555555555555556,"t1"
"117","5c9262313ed37c75b93f7f3e8a36d807",0,3.5,-2.66666666666667,"t1"
"118","5c9aff5240af9c0c8c9c11821f86904a",1,8,0.111111111111111,"t1"
"119","5cf3681dd1ce294f94d171f61a7ac84c",0,1,-2.7,"t1"
"120","5de8f796f4a658756d109200be03b14b",1,6.5,0.416666666666667,"t1"
"121","5df5377ab42d34b0f3ebc0f36ab9d5f7",1,6.5,0,"t1"
"122","5dfbc9ecfcbb8ead77cf75695cbe8a07",1,6.5,0.5,"t1"
"123","5edecbf19a6f48f8438fe7d820d60e85",1,7,1.33333333333333,"t1"
"124","5ef0525198f2d27fbe7cf7ef8bccc6a7",1,7,0,"t1"
"125","5faed715ab8b4a539ef8ce1da0b7bc59",1,7,0.555555555555556,"t1"
"126","628761fd239d88d3dca7b061214794bf",0,2,-0.666666666666667,"t1"
"127","62daf562f28181eedaf22a5660e6c216",0,3.5,-0.166666666666667,"t1"
"128","62ece9feba66bab3a19e2b9df47c2993",1,7,0.875,"t1"
"129","6310940a9489dc8dc4ab380f8424b72d",0,3,0.363636363636364,"t1"
"130","6399c0216b612af1f5c010d8b7d06901",1,7,0.444444444444444,"t1"
"131","653efe949722adb0bfc57d7828be5364",1,5,0.625,"t1"
"132","655689cfeeba6c11a1895b6ef0b28f82",1,6,0.4,"t1"
"133","65aec92afe55973d1381117af444023b",1,4.5,-0.75,"t1"
"134","66ae72802450c35cb4d8d9225940e2a9",1,6.5,0.75,"t1"
"135","674afe5ac78c4ccef0be14a0f2c0442e",1,5,0.222222222222222,"t1"
"136","674e92e1ad74d74b5eae470bd364556d",1,8,1.55555555555556,"t1"
"137","67d07c467479af6b993576702e503ec7",0,3.5,0.235294117647059,"t1"
"138","6803ec50f8b25b278d074d87ecb5ede5",1,6.5,0.416666666666667,"t1"
"139","68c497441cae99543f78b5e9c82b433a",0,2,-0.222222222222222,"t1"
"140","69789a6d1c06d8aa69ddedee7f3dbf05",1,8,0.333333333333333,"t1"
"141","6a5256acb0d43e99dc572c8410ee7539",0,4.5,-0.111111111111111,"t1"
"142","6af648c8dbde42eb115c41e8ecc84a86",1,7,0.733333333333333,"t1"
"143","6b6c070c2fa8ad6b1c169d07f5ec2d14",1,5,0,"t1"
"144","6ba1252d1c54bf0bd3cb5d7bc6f0cbbc",1,6,-0.111111111111111,"t1"
"145","6c1b3f73ad107d62703c32c37b0630f2",1,7,1.22222222222222,"t1"
"146","6c224c31b66172255112f1e092eb4e1d",0,3.5,0.444444444444444,"t1"
"147","6ca87d48f0568bfb526ae24357cc2cfd",1,6,0.333333333333333,"t1"
"148","6cc314455ad9e0b89c4f1f781903ebd0",1,8,1.22222222222222,"t1"
"149","6d219a16ae66a844e3871cda2dadd671",0,3,-0.75,"t1"
"150","6eae5c69a6309508aba04e453830f940",1,7.5,0.666666666666667,"t1"
"151","6f97028732aa2b76546bc5d92a1cdc40",0,4.5,0.875,"t1"
"152","7072362b4d078f6b7902f05ceb66f255",0,1,-1.8,"t1"
"153","714cd94e019811b6480ec3d986ffa933",1,7,-0.25,"t1"
"154","71eba1f06a21420d71ff2afff183c352",0,1,0.75,"t1"
"155","71fa1438642c8c238d53d5082e8699e7",1,6,-0.153846153846154,"t1"
"156","7221636b4207a14d9d679bdac7f9816e",0,5,-0.444444444444444,"t1"
"157","722a82b9464717c5df68ccac3e978827",1,6,0.75,"t1"
"158","7325d032480eb1ce14f871227191cf31",1,6,0.333333333333333,"t1"
"159","759b40d58bb30f1edb78bbf5f794e120",1,6,0.125,"t1"
"160","77a0dbe894a832872a2ddcbac8efc022",0,3.5,-0.0999999999999999,"t1"
"161","789cda33f48113b02231e1ea6fe2835d",1,7,-0.0909090909090909,"t1"
"162","789fb2ce5974304b76f47bc1b49e2684",0,3,-1.125,"t1"
"163","78e2587b764b7586e74eadeedf8655dd",1,6,0.133333333333333,"t1"
"164","79a6c820764d6f887def33b5d1edab81",1,5.5,-1.57894736842105,"t1"
"165","7b0ccd38a533fd4e7f2a27242b8a7005",1,5.5,0.111111111111111,"t1"
"166","7c1beb36e6bc75321b1a86016c22a04f",0,2,-1.22222222222222,"t1"
"167","7c46f073c8e3abbb78e46ac313e69882",0,4,0.25,"t1"
"168","7c5cbee7c92ba5ef3a6b3cc4dbffa03b",0,4,0.181818181818182,"t1"
"169","7d02ab08b3afa0ea82184674d168b099",1,6,0.272727272727273,"t1"
"170","7d17d1e26d87ca2b0175e8f8a7112da8",1,8,0.222222222222222,"t1"
"171","7d7c3ddfffd0865e2a2bcbf67c45a871",0,3.5,-0.111111111111111,"t1"
"172","7def93fdb1ed3117e37f05285a31f4f2",0,2,-0.133333333333333,"t1"
"173","7e4f2bce22cb5c98208e09d0b064663c",1,6,0.125,"t1"
"174","7ee3cd75918187f420eb868c15c2c7ab",1,5.5,0.777777777777778,"t1"
"175","7f6bf86b1e8bcdda167222dd26a8506a",1,5,1.44444444444444,"t1"
"176","7f7020940ccec2a0e22686e91c4ac5c4",1,8,1.44444444444444,"t1"
"177","7feccfcb7adf8fdc2c2ab47836748a7d",1,7.5,1,"t1"
"178","80c4143810989946882d6b02c227709c",0,3,-0.777777777777778,"t1"
"179","822d9bd0bf5cc39615d3d0049c021477",1,7.5,-0.4,"t1"
"180","834543a75fb78df2891e1ca0cd4b61ec",0,4,0,"t1"
"181","83889f250b33f00a73375585edb0f1bb",0,3,-0.111111111111111,"t1"
"182","8403927872fd2e8bbd2d6a856a91e5ed",0,2,1.25,"t1"
"183","87f1a729c8f4588be8b41af0fe0d55c0",1,6.5,-0.111111111111111,"t1"
"184","88c950560a8f8577c39c326ec74cb26a",1,8,0.0909090909090909,"t1"
"185","88e57d94e835a937a9ef0ef1707daaf1",1,6.5,-0.125,"t1"
"186","8917523be0f668d58d7afda50ec3343e",0,2,-0.111111111111111,"t1"
"187","8a9832daed05fd93692a568c8ab545a4",0,1,-3,"t1"
"188","8b47910d8b1b50777a0f25ba39d1fd5f",0,1,-2.75,"t1"
"189","8b7a55e02f06594acd5bb4836d34cf6d",0,1,1.2,"t1"
"190","8bb79b189b9728cf245547f0a8cb6b7e",1,6.5,-0.125,"t1"
"191","8cfd84c1891f1f8d8fba32cb6dddd973",1,7.5,2.875,"t1"
"192","8d3e72163cbabcc0e6da1e24b63d149f",1,7.5,-0.5,"t1"
"193","8d5fa29fe8c72f29836cd8d088ca55c8",1,7,2.25,"t1"
"194","8e0e7b91ff313c9ebcc642ca0326f105",1,6,1,"t1"
"195","8e6a6d5eb927f94d6e0f16cba124b696",1,7,0.875,"t1"
"196","8ea0c820b2a9fe4373e7212d2eb78a5b",1,4,-0.625,"t1"
"197","8f4135461c672df1bc594c8818ed2d48",1,7,0.875,"t1"
"198","8fca54230a0ecf673780132cea7278a3",1,6.5,0.333333333333333,"t1"
"199","90504081eb1ac2bf8761805ea2511948",1,5,0.25,"t1"
"200","9128274a0393caf298b7feb86a374993",1,6,-0.181818181818182,"t1"
"201","91a30cfbc81fe17896607bfa69fbf21a",0,3.5,-0.3,"t1"
"202","926e68123b4dae7a1c5037ae0786429e",1,6,0.75,"t1"
"203","93ba18927fe9cfff8ca8d08954bbabe2",1,7.5,0.909090909090909,"t1"
"204","93f6ff0bf71fe76563cd42dab2c16d2d",0,3.5,0.9,"t1"
"205","94c497444ab9c2aac450570c82239f47",0,1,0.8,"t1"
"206","9560e71d90f9ff1fc9f9157fdf8393bb",1,6,0.333333333333333,"t1"
"207","9584aaa331664951bbd8032e5b6f03a2",1,7.5,0,"t1"
"208","98b9205697f1ba42bb12de5aaae29647",1,8,0.444444444444444,"t1"
"209","98c7e60f3a070a7cf14444f6c35d796a",1,5.5,-0.555555555555556,"t1"
"210","99796df74c74ed84508ef369ca3a0252",0,7,0.5,"t1"
"211","999df54f136f474374d646d9a0f3a738",0,3,-0.615384615384615,"t1"
"212","9a509606c48be2330eea70131c7e49a9",0,1,-1.2,"t1"
"213","9afb92632a59acb5ea972eb736bac9f5",1,8,0,"t1"
"214","9d05bd81deace9bbbc779f9408876b58",1,7,2.03703703703704,"t1"
"215","9e54e4295fd5e33a58cfb2899cbd9349",1,6,0.181818181818182,"t1"
"216","9f48fca83a2d76d0ac69dde4123f5138",1,6.5,1.75,"t1"
"217","a0887b6ab088429194fba58773289fa6",0,3,-0.111111111111111,"t1"
"218","a0fa98307caba60f522324458ccbf036",1,6,-0.0833333333333334,"t1"
"219","a11e7558938e9ba9d0ee31b8129e170a",1,7,1.33333333333333,"t1"
"220","a1773a5620e0f222f31dec4dc408af67",1,8,1.22222222222222,"t1"
"221","a1a494daa7a7673927355a56c53920a4",0,1,-1.77777777777778,"t1"
"222","a1ce4920500b0ae8d3d923e27fb3f720",1,8,2.22222222222222,"t1"
"223","a2cd5fb92c9b180aa21e7c069107fbcf",1,7,0.6,"t1"
"224","a2f594d01e609dd286dd6af01523bc11",1,5,1.875,"t1"
"225","a31ea7d0db2519a427880f3e9142704e",1,5,2,"t1"
"226","a3e022a1758a605b09af2b57eccea730",1,7.5,0.555555555555556,"t1"
"227","a3f998ac720a5687331725362c81e4e1",1,7,1.125,"t1"
"228","a441c055da6fe3b9fe9ca27632ef191c",1,6.5,0.222222222222222,"t1"
"229","a6c7bd073ceaa1e68b8d21aefe67116e",1,8,1.4,"t1"
"230","a74492862ed4a7fbe1e70fb626a2cd1e",1,6.5,-0.25,"t1"
"231","a754d4220832c18876842c63b5f24f77",1,6,0.666666666666667,"t1"
"232","a7c745e3d922a6204b4e6a5d38a8126d",1,7,0.777777777777778,"t1"
"233","a802b0da50dfcf1ffd66eeb6dd2abfa9",0,1,-2,"t1"
"234","a8b0aecd7ca4d6d3547ccba41391075d",1,5,-0.125,"t1"
"235","a8e6af49ed16d089dc5c880c14dc2b51",0,4.5,-0.625,"t1"
"236","a8f2681ff6519937276f2b7e611aef7b",1,6,-0.0666666666666667,"t1"
"237","ab235297dcd900754e8939a7efdc51fa",0,2,-1.33333333333333,"t1"
"238","ab2e5d2e8d9f35e8552bef06270db813",0,1,-2.1,"t1"
"239","ab5d3d8ad8b5351a34f6b80a6d2ae06c",1,8,0.75,"t1"
"240","ab9356f861d19c5931e2d4f48f39fe14",1,6,-0.555555555555556,"t1"
"241","abbeef52a7c9da865e025038d83c0899",1,7,-0.111111111111111,"t1"
"242","abd12c6709a7488ca3c97257ef829620",1,6,0.5,"t1"
"243","ac0d6fa4f838cab61bf564344784543c",0,1,-1.5,"t1"
"244","ade7567c3624475b6d9ad252d181034a",1,8,-0.111111111111111,"t1"
"245","ae4c05a3c4e346ed743951bd972e095e",0,4.5,0.222222222222222,"t1"
"246","ae60a3fb9b4a6b8cf1decb15598c3e19",1,6,1.33333333333333,"t1"
"247","ae93f8aa297d9b349fbcddaf3749857c",1,7.5,-0.375,"t1"
"248","b25360f48f503cb841f0b80d089fc6fe",1,7.5,1.77777777777778,"t1"
"249","b274c185102de39b0d4bf309af9e3cb0",0,4.5,0.4,"t1"
"250","b2b235588d0287024cd5076c1f0065e0",0,6,0.222222222222222,"t1"
"251","b3678ec77c07af7ab01e2082408fd3a0",0,2.5,2.25,"t1"
"252","b3fbbb85d64ffa7c2fa812d1a6314aab",1,5,0,"t1"
"253","b49e6c91085c25563b54f0b17ea3c229",1,6,0.692307692307692,"t1"
"254","b5936568d7494e658be2d55bf4ba43a2",0,3,0,"t1"
"255","b64f96552232c27ad0c503bc585b74ba",1,8,0.5,"t1"
"256","b71048ae37a96c5873818b2c43be199b",1,5,0.166666666666667,"t1"
"257","b741cb0eeb956959a20d4b01434ad5b1",1,8,0.75,"t1"
"258","b9321ff657a95d8fdc92d12c3e5df855",1,6.5,-0.5,"t1"
"259","bb23588a794f044e20069df61cc316de",1,5,0.909090909090909,"t1"
"260","bb7954dd74acb43f4aadc78d208f10d9",1,8,0.8,"t1"
"261","bbef2769f6eb85b233fb8569d6c0ce79",0,2.5,-0.875,"t1"
"262","bc0f35645ef2b12bf6c3754e88351c06",0,3,-0.333333333333333,"t1"
"263","bd4987ef52fa3c1c39583b04d39c733c",1,6,0.111111111111111,"t1"
"264","be1e9eaea4638043ebfdfea5c9362bf1",1,6,1.2,"t1"
"265","beb073b343014fee3801e17a9883c4c6",1,5.5,0.666666666666667,"t1"
"266","bf9d9e96ebcc1758ba700e15bed939c2",1,6,0.8,"t1"
"267","bfcc46ee44d7ffa77b8d2810225f7b50",1,6.5,-0.3,"t1"
"268","c21df6a2e379b14e681dfa738095f6df",1,8,-0.222222222222222,"t1"
"269","c27181884513820943f49ae0f07f5dec",1,6,0,"t1"
"270","c2dc822b618d77f21d461717057eb3ec",1,7,0.363636363636364,"t1"
"271","c3726a59adebd2948d554d15246bdcac",1,5.5,-0.125,"t1"
"272","c3976ba0732c6a1d1e9112278ede8021",1,6,-0.222222222222222,"t1"
"273","c3b5d9572ddf2151e0eadcd046a324f4",0,2,-0.777777777777778,"t1"
"274","c4fa8fab5dc4d9f6e765e8f5ad5204db",1,8,1.08333333333333,"t1"
"275","c619978f012a349227e4ede5de542791",1,8,0.375,"t1"
"276","c61bf4e3acc5332db7aaa2c366abfc26",1,6,-0.125,"t1"
"277","c6249d38c8cab59646cc0219bc2f8ee9",0,2,-0.75,"t1"
"278","c657a960031971d3d2027213732232cf",0,3.5,-0.625,"t1"
"279","c6f47b062039ad0c15fed75b4134d0a5",1,6.5,0.75,"t1"
"280","c83981782b687f09cc5b291a5af746d4",1,5,0,"t1"
"281","c8d5cbe38c5d7a29afec1d99026e0c1d",1,8,-0.222222222222222,"t1"
"282","c9d0715107464928a6a3b63d94a8f3b4",1,8,0.416666666666667,"t1"
"283","cabfde035c01b21338b8a6c88a201307",1,5,-0.916666666666667,"t1"
"284","cb5b1adaa5c2a53e92b7ff1779c69112",1,5.5,1.25,"t1"
"285","cb5c87ad4c6f354416ae8bea8a19ed00",0,2,0.636363636363636,"t1"
"286","cc24537d1ed392be407cc105342517ee",0,4,-0.8,"t1"
"287","cd08babe3018d5dff17796b737bb431e",0,4,1.44444444444444,"t1"
"288","cd66cad750b4ba95b5931c08c546fdeb",1,7.5,0.25,"t1"
"289","cedb2adae1e09f1290434370eef5e825",0,3,1,"t1"
"290","cf6772ef901142062307d289934895fc",1,6.5,0.666666666666667,"t1"
"291","cfbd09f206f91f12daa56db3cba9e1ca",1,8,0,"t1"
"292","d0002586958456a4a0af29029232e1a8",1,8,0.461538461538462,"t1"
"293","d15a89ac9c5c911f607c879f6cde290f",0,3.5,0.0999999999999999,"t1"
"294","d2f0fccd650b5fe9441f231db0721567",1,6.5,-0.25,"t1"
"295","d3e420440fa50b95942d52bcbddb2d65",1,8,1.44444444444444,"t1"
"296","d55e017cc4845f0527c43e561523061b",1,8,0.2,"t1"
"297","d5937a4db1b2dc703b11dcd07d6abec3",0,4.5,0.333333333333333,"t1"
"298","d5b319e6b4af0b2c8551c212883834a2",1,5.5,-0.25,"t1"
"299","d7a0573730ab7c23c963d8af98d58e5a",1,6.5,0.222222222222222,"t1"
"300","d7e1cd9c85b81ccaca2b1aa0ee4320e5",1,5.5,1.15384615384615,"t1"
"301","d8633e2cd2bbc2b4a51eaca41aa1dc02",0,2.5,-0.5,"t1"
"302","d97b90eaa6fc2bc9ea29f73ceda5ec13",0,1,0.375,"t1"
"303","dc760eb006d963def882e349ad2c607d",1,7,-0.777777777777778,"t1"
"304","dc82fe294547d4c97fc47b43427c32e5",0,4,-2.66666666666667,"t1"
"305","dd2fc503670fa4e21f90fa354813f090",1,5,-0.25,"t1"
"306","dfe40f7942052442591ef8302f4fa2fc",0,3,-0.222222222222222,"t1"
"307","e0753f0cc8f63054c4343c1233d60ffe",1,6.5,1.625,"t1"
"308","e13a42a22f38ce98dc13b91d70799c12",1,6,0,"t1"
"309","e17f8f67349644e42e1a046003f61648",1,7,0.888888888888889,"t1"
"310","e1880927a8ef349d212d39c44fd845e3",0,3.5,-0.333333333333333,"t1"
"311","e1b6513af7373482215f5f9caae900ea",1,8,0.5,"t1"
"312","e22e348f470603723c02426db756bd06",1,7.5,1,"t1"
"313","e27b049554e54f175991953dc8649d82",1,5.5,0.222222222222222,"t1"
"314","e329f32c5615c0897d1eb1c603265e84",1,6,1,"t1"
"315","e4ea14d65915342a46685120388b0300",0,4,0,"t1"
"316","e4f80039854476b7c1479eb986d8ffcf",1,7.5,0.444444444444444,"t1"
"317","e61eeee57e713a7cbb4e0a710fa0f711",0,5,0.0833333333333333,"t1"
"318","e647741a5f6c236aeba746b994370a49",1,7,1.33333333333333,"t1"
"319","e6d1267a5a088d9d1529db6b6b7d8e87",1,6,1.25,"t1"
"320","e6d72c7dd2958a4d86cf7b385da8dff9",0,1,-3,"t1"
"321","e893cd4f96138162c14244fa38c57fc4",0,2.5,0.555555555555556,"t1"
"322","e8e194613e2f885649f51fe9faf14a51",1,6.5,-0.727272727272727,"t1"
"323","e92cc837ecb1f4417e386fb310719e38",1,5,-0.5,"t1"
"324","eb0560dcd28aeeda715bc03ba6b8ec9b",0,4,1.22222222222222,"t1"
"325","eb53b76b885e586395e01465354f72b2",1,6,0.6,"t1"
"326","ebed97b578bd9a6b687b6ab92acaaf05",1,7,-0.111111111111111,"t1"
"327","ecb2ba888547967cd7b5c81b0da4b532",1,6.5,0,"t1"
"328","ecda52bf671aa7c592a73b726bbb9366",1,4.5,-0.9,"t1"
"329","ee0ee6b16268cd396d8e3b1fdabf1dba",1,7.5,0.444444444444444,"t1"
"330","eea6aa84ab873ea69e53aac8405e6474",1,6.5,0.5,"t1"
"331","ef373b3a7daac72b2c4ed0dbdbd637ee",1,8,-0.272727272727273,"t1"
"332","ef5ef7337ec2b36964278a18f4f68a69",0,5,-0.333333333333333,"t1"
"333","f050db70d2b2cb29f6c35fa45c9326ff",1,4.5,-0.111111111111111,"t1"
"334","f1f7f2ce65e92da3dc5c620caea82dce",0,3,0.4,"t1"
"335","f2b856581976df99aac6d7853ce4147c",1,6,0.555555555555556,"t1"
"336","f2b905a118cf2015b927e743ddbd8c64",1,6,-0.666666666666667,"t1"
"337","f605b17b332c593f2e6741816a0e27b8",1,6,0.888888888888889,"t1"
"338","f621f20b27a90597ce21fafc0dee8ceb",0,3,-0.444444444444444,"t1"
"339","f6c3dec37365829f94adfcc0a92781dc",1,6,-0.375,"t1"
"340","f7f9ba877b33041f2f3078e0be0668d0",1,5,-0.555555555555556,"t1"
"341","f844377bd055e27320acac93d1406608",1,6.5,-0.75,"t1"
"342","f8f033c6ae61d025c2de66f4b9c3af4b",1,5,0.555555555555556,"t1"
"343","f90344f1de1f8d3fa08d8eac568fafdb",1,5,0,"t1"
"344","fb256371cf0cf14776e3537d5f48960f",1,7,-0.125,"t1"
"345","fd7bc2af2e89dba4042076e4172e0db9",0,2,0.555555555555556,"t1"
"346","fde248adac87e7f55c31d257ba76ac10",1,6.5,0.555555555555556,"t1"
"347","fe8762369c30c041d90b21d060c219b0",1,7.5,-0.111111111111111,"t1"
"348","fecea62c863382dc58a2b56ce7b2c0f3",1,5.5,1.33333333333333,"t1"
"349","ff3ee0529d82fc2c4cd123e5d11dc6fa",0,4.5,0.444444444444444,"t1"
"350","ff515ae5174e7e81d94cbec8d4a6f578",1,8,0.222222222222222,"t1"
"351","ffb6822a6c62ecc0f24a65f173a1d7df",1,8,0.888888888888889,"t1"
"352","011e2f92244c9b2b0b1b34a6024a256e",1,7,0.333333333333333,"t2"
"353","0239d1e0e412d45a5611604e3b78ab7e",0,1.5,-1.33333333333333,"t2"
"354","03289ebe21c41bd2204d4a218b4b3c13",1,7.5,0,"t2"
"355","03fe6a5e585f81700c5798c2b9a94030",1,8,0.8,"t2"
"356","04189e514a23bb2761c754f0794b3f4f",1,6,0,"t2"
"357","050cf8cad934ddc493e701faed394e39",1,7.5,0.111111111111111,"t2"
"358","060107e2d678f84dad403994f204970e",1,6.5,0.625,"t2"
"359","063bf981b8a39879935f4114d2602584",1,7,-0.125,"t2"
"360","064d61939bd10017290408e5b9cdf7c8",0,2.5,-1.22222222222222,"t2"
"361","0682838cb44e8d4f7d5ebe04f51b40af",1,6.5,0,"t2"
"362","08cdb6f6d3ea5b3978b83c21b1093fe3",1,6.5,0.5,"t2"
"363","09ce2dd5ec1be44883f18eb3afb32ea3",1,8,0.25,"t2"
"364","09f33df6ec245754b6225189445ee2df",0,2.5,0.111111111111111,"t2"
"365","0a0c4eba5f4675804532300822e9aaf5",0,3,-0.25,"t2"
"366","0b4874db2503d6e21cea154efa25c3ba",1,5,1.44444444444444,"t2"
"367","0be4bcb346b4150094b9175877cd8a39",0,1,-2.66666666666667,"t2"
"368","0c3d9f0e3087bbd6c10e33e7e8c61566",1,7.5,0.875,"t2"
"369","0dfe9e53771750ad4b92061398b5ef0b",1,6,0.8125,"t2"
"370","0e22e8ae3996e54e3ffba58068e9d817",1,8,1.66666666666667,"t2"
"371","0e606220ca3e9f3b207205d05a6425e0",1,8,0.666666666666667,"t2"
"372","0e925e5caa1993ceef728dae29206e68",1,8,1.88888888888889,"t2"
"373","10270c25b49f1881819db234817a6a39",0,2.5,0.875,"t2"
"374","102a24de380fbc59705f8261c4982a97",0,1,-2.72727272727273,"t2"
"375","11b32e7e9d4d6952a176e8ba561c010b",1,8,0.5,"t2"
"376","11bd09a536fa6c7515f581ebe429fe36",1,8,2.66666666666667,"t2"
"377","11efa183b2f6d5e5cad987f80e9e132a",1,7,1,"t2"
"378","1230acc434c9a854105ddb907ff56ddf",1,6,0,"t2"
"379","135d3070a76f98d775f9d900d4178575",1,6.5,-0.375,"t2"
"380","13ed602ade037e16c650b21ac9b0fc0e",1,6,0.75,"t2"
"381","1588e8ba32800e6ba55a78905cbc7543",1,7,1.66666666666667,"t2"
"382","15fa84675ed71faa99c16599223f6e5d",1,7.5,0.5,"t2"
"383","164590f816230486bab4a225611d1cda",1,6,-0.5,"t2"
"384","1720961f638f8b62b305c484bfcd8b3f",0,4,-0.333333333333333,"t2"
"385","18f550a56eae35677d2be221eccc6999",1,7.5,0.333333333333333,"t2"
"386","190df1718670e9fea246218771e92d64",1,7.5,-0.111111111111111,"t2"
"387","1d83870a8c4abdcfcf12509d262d8c91",0,4.5,0,"t2"
"388","1eb3bf7a6a94e115be63209a357b3153",1,5.5,2.66666666666667,"t2"
"389","1fa411afa0843ab01db6ea548ba616a7",1,8,0.875,"t2"
"390","207a47d134a053ec06acd01410d6349d",1,8,-0.444444444444444,"t2"
"391","20a5bf4d894cad7801d5efe2a1293301",1,7,0.4,"t2"
"392","20cc55f415953d8a60050e8d6eba9e39",0,3,-2,"t2"
"393","218ec6121a12417ae4ccba3219bd6bbf",0,4.5,-0.272727272727273,"t2"
"394","23bec6d122dfe176ea29b1a20333d616",1,8,1,"t2"
"395","2462a8480582151c544d20df81a88afb",1,8,0,"t2"
"396","256fdc18da98a45a3f23ec0834c222c7",0,8,0.0909090909090909,"t2"
"397","25b8b92800236256e4d3107b46079bc7",1,8,0.555555555555556,"t2"
"398","25f5b8bf7bc57a70105788c726f627c8",0,2,0,"t2"
"399","261b7fa71998849404bd90f44e0a72a5",1,7.5,0.888888888888889,"t2"
"400","2785fdf7076f6541968370b4cf0a2ef6",0,1.5,-0.125,"t2"
"401","28e26ff90e8057895e4549c416bef196",0,1,-2.22222222222222,"t2"
"402","2a2477f05b42283f3a54b934b8d2710d",1,5.5,-0.5,"t2"
"403","2ab80e1723f4f63863db4a73d5092c86",0,2,-0.272727272727273,"t2"
"404","2ab86a3820d48b7e53e2882704fb1227",0,4.5,-0.25,"t2"
"405","2b57b60eb32b7d94f6df3e436ad3c300",1,7,1.75,"t2"
"406","2b6874c0707beddc857831934471cd8e",1,4.5,-0.4,"t2"
"407","2c1eb814a06008b67a55dcf417612b9f",1,5.5,-0.727272727272727,"t2"
"408","2c2fc51a2e7ad27c3eb12cf52462aefa",1,6.5,0.888888888888889,"t2"
"409","315530df3460ee69ff36af27d457448e",0,1,0.125,"t2"
"410","315c0a52335c941fa3a2d4eb2d7e6a20",1,6,0.777777777777778,"t2"
"411","332df4bf6bd4de11b42f1d2124c7194f",1,6,0.5,"t2"
"412","335ad1ed37c6e6c4644fbf7fa88be343",1,6.5,1.22222222222222,"t2"
"413","33ca163340f3fc9e998695935f79e09a",1,8,0.777777777777778,"t2"
"414","33dfcedef60f8c0710a235211204dc65",1,6,0.333333333333333,"t2"
"415","3403d127ba6300b6551f4bdc8cbf4130",0,1.5,-0.666666666666667,"t2"
"416","35371ac6889fda3bddbe1478f75a2244",1,7.5,0.444444444444444,"t2"
"417","37e55c16e29530717c2a79ad8f8e032c",0,1.5,-2.625,"t2"
"418","3b2604613702632c998a99e7d8a04ea1",1,7.5,-0.777777777777778,"t2"
"419","3caf912ac51681b17a932b233e611370",0,3,0,"t2"
"420","3db79753c92bd67f3d420d30b11a1efe",1,5.5,0,"t2"
"421","3e251c178cca04463a76dd437b457a03",1,5,0.333333333333333,"t2"
"422","428ef4e2c9259daacaeb880ae022a108",1,6,0.111111111111111,"t2"
"423","44dfbf76371c2422d5354e9ba727f54a",1,8,1,"t2"
"424","44f023711b955d2d83a7d46ddc965268",1,7.5,2.25,"t2"
"425","45858391266cf4dfe4747e65f084faf8",1,6,0.777777777777778,"t2"
"426","466dfbcd548f2e25e4f2159867c9cbca",1,7.5,1.41666666666667,"t2"
"427","477953cb9788747e6cba7287ae7ba3bc",1,5,-0.333333333333333,"t2"
"428","4877d0a043e307148049bacdd1a98bfa",1,7.5,0.125,"t2"
"429","48e9b44ba4ab55c6d31751967943e1d3",0,3.5,0.222222222222222,"t2"
"430","4906ac70df3b7c695711e6f1b55af01e",1,6,0.111111111111111,"t2"
"431","494a4e260e28aeb10f05650d10032145",0,1.5,-0.125,"t2"
"432","49baa20dce6726ed23660a6e7b7e3850",1,6,-0.181818181818182,"t2"
"433","4c7599bf12fe3cb2459ad381f0dbe897",0,2.5,0,"t2"
"434","4d9776ad5a70cb4b4f791c3b1b184c39",1,6,1.78571428571429,"t2"
"435","4d9d999d28ad1585305769179c240068",1,6,0.0416666666666667,"t2"
"436","4edb600eb6b9ffb80adc7037f90f0305",0,1,-2.66666666666667,"t2"
"437","511668ecd8b42a747d5ba90576aa2fe1",0,3,2.33333333333333,"t2"
"438","51b8e839e79400bb8df572ec997ce03d",1,8,3,"t2"
"439","53e018e9e922ca467cb330580589f458",0,1,-2,"t2"
"440","542095fdffb72a8cdddde71e2f2055f5",1,7.5,0,"t2"
"441","54bfa7fd7d6e249e9b82670b88369843",1,8,0.166666666666667,"t2"
"442","559f58be93ada2f4dd4b9c688df84514",1,5,0.466666666666667,"t2"
"443","588d0a0d6bb3124ea0c626f36ab1b88e",1,7.5,0.444444444444444,"t2"
"444","59591362e8eb1e9ab75884261cbb0a17",1,6,0.111111111111111,"t2"
"445","59c4deab04435c39bf11dcb8e58bcb42",0,2,0.222222222222222,"t2"
"446","59f154566afedf9a73f258c52f2d47b9",0,1,-2.66666666666667,"t2"
"447","5aea218cae74792113d80b997c32e223",1,4.5,0.125,"t2"
"448","5b59e0e1947e46c45375a4658f62dde0",1,5.5,-0.5,"t2"
"449","5bf8c6176af1d8a6d8deaa21ff96c303",0,2.5,-1.4,"t2"
"450","5d802a0c437a8b434906691d9f90b929",1,6.5,0.1,"t2"
"451","5df99c81d767c10557ed9802e10df2f6",1,6,-0.666666666666667,"t2"
"452","5ed95efd38dde059c761c16573bca14b",0,1,-2.4,"t2"
"453","5f62a2865cf9753e52e2c0b5970d1c04",1,8,0.375,"t2"
"454","629ba8c375dc6e9643994c5b04acd420",1,8,1,"t2"
"455","6412ec67314c0c8d823939efd15206cc",1,8,-0.333333333333333,"t2"
"456","6557f9e6156fa5b72627492a5bae41d4",1,8,0.7,"t2"
"457","6672b211b1d5bda373b6f524b566bc84",1,6.5,0,"t2"
"458","67e47b771bb6b92c21034e59e1f695fd",0,4.5,0,"t2"
"459","68c4ce4c4ceae089f3325ad5a8770cb4",0,1,-0.125,"t2"
"460","6a132ba4b3fad80d147e150a85d1558c",1,5,-0.555555555555556,"t2"
"461","6a84f2a5ac50b949e940d0a79428925e",0,3,0.25,"t2"
"462","6d16ee5f7fc6ca16066df57c704e8cac",0,3.5,1.11111111111111,"t2"
"463","6dbe0bfa91a27c1a315eba42171be4ea",1,7,0,"t2"
"464","6e2562155b01226ef50c23d0bb656a34",0,3.5,-0.666666666666667,"t2"
"465","6fe154eda6d34a285297990271ecbe95",1,5.5,0,"t2"
"466","701bda2ec64f9b9dfc14ba717d9e92ca",1,8,1.11111111111111,"t2"
"467","7025d33d207bba9b763cb10ca3477716",0,1.5,-0.153846153846154,"t2"
"468","70d17aaf00fbae591abfae300560698a",1,7,0.222222222222222,"t2"
"469","712552f480824c2de0f51cd951c510a4",1,5,0.222222222222222,"t2"
"470","7139a0b422dae8eede253fa91d0c9949",1,6.5,-0.5,"t2"
"471","72189941a384cc39f08c9cb0303a95f0",0,5.5,0.75,"t2"
"472","7291643babb68f7aa7a8cc60373321ca",1,6,-0.5,"t2"
"473","7514f8bc707d3946f9ad64bde5e405f4",1,6,0.625,"t2"
"474","756c913381e5fd1cf58c891e761028cf",1,8,1.33333333333333,"t2"
"475","75ac259f86c41265fe40c2a6e6a38876",1,6,1.2,"t2"
"476","7686e00a39d8bb1aa0b878251cceb9c3",0,4.5,1.33333333333333,"t2"
"477","7798e44b6800af6eed33eab30b58271b",0,2.5,-0.555555555555556,"t2"
"478","7872a5468ead7a2e7e57f694f9f1e40b",1,5,2.66666666666667,"t2"
"479","788af8d52c60fcfd26393558cf33c56b",1,5.5,0.4,"t2"
"480","78cdd6317764747335a420219561393d",0,4,-0.166666666666667,"t2"
"481","7a8e25f8a5fc91868e23f77e6e693c94",1,7,-0.666666666666667,"t2"
"482","7b0a42baede5e0e202992cd3e7776f61",0,1,-1,"t2"
"483","7b6f8bc524a46d9ea13b6de01cc057e2",1,5.5,0.727272727272727,"t2"
"484","7edacf40dff3c7efaa3f3c52da9a3385",1,5.5,1.77777777777778,"t2"
"485","8085c3aca634ae570846cd7e07a1c795",0,5,-0.375,"t2"
"486","825b4221dd92f0277336b2bf481f0bab",1,4.5,0,"t2"
"487","8297481e42e6b2d3a3cd61942b6fb186",0,4,0.125,"t2"
"488","833e71b1d892bab6ccab57d1c5ae6004",0,2.5,-0.444444444444444,"t2"
"489","849a53e991b3532b478f2540bd453535",1,8,-0.111111111111111,"t2"
"490","84d9efc9e312a8e5c0527f5c913edc43",1,8,1,"t2"
"491","850881aa22415ebf4d9768e7e2ec6e98",1,7.5,0.777777777777778,"t2"
"492","86406f70e00b5fe7692c153a0f401f45",1,7.5,-0.888888888888889,"t2"
"493","874fbe8bb77cfb5a8e5045598b5a1765",1,7.5,-0.230769230769231,"t2"
"494","88066efaad1b75595623cffeccf20b44",0,3,0.444444444444444,"t2"
"495","88b7aa35f148533cfb17d5ee9118109c",1,7,-0.111111111111111,"t2"
"496","8bf8286d1ba5b59b1e5dd5ad25fb180d",1,6.5,-0.5,"t2"
"497","8e80af93733288d0d86c3acd8238848c",1,6,0.8,"t2"
"498","90d3f5ec3bc28944e86bdbd994a601d0",1,5,0.333333333333333,"t2"
"499","91a4345aca61dc1ae09e2b30a860f674",1,6.5,0,"t2"
"500","92cd44f51e39dac29c3a67d1f6dc9132",0,3.5,-0.333333333333333,"t2"
"501","93c14058df2bf544d2f0bb129e70198a",1,7.5,0.333333333333333,"t2"
"502","93d329a6d972d121c8ff9b8f31cbd47e",0,3.5,-0.111111111111111,"t2"
"503","95fbd0933ae58a48fcf3dbfcaa54808b",1,7,0,"t2"
"504","9675f766cfcd580582efae495fcedd54",0,3.5,0,"t2"
"505","96c39a7eb5a45ef53ccdf20a430d33b6",1,8,1.88888888888889,"t2"
"506","9baa33fa952a0d9743765736cf09cd2a",1,5.5,0.272727272727273,"t2"
"507","9c6b314ae70d8296c94de08aab5a26e6",1,6,-1.15384615384615,"t2"
"508","9c80bd31f2e12d9029df14bb902e6c90",0,2.5,0.333333333333333,"t2"
"509","9ce1d370b3743a45b37e5742c71f4ef4",1,7,1,"t2"
"510","9d6d5893b56c630373dbe9032115638a",1,7.5,0,"t2"
"511","9d9c3466254492e700ffc5255bc7a23e",1,7,0.75,"t2"
"512","9fbccaa0f9ff33ab88e412782055275f",1,8,1.77777777777778,"t2"
"513","a04634868834bbf85ff4dcb2511ba6b4",1,6.5,0,"t2"
"514","a1744c584c00c304c01756e08f42ffb7",0,1,-0.222222222222222,"t2"
"515","a38c17108b62d1e9a7d21907a65eec63",1,8,0.923076923076923,"t2"
"516","a646c40b0521430ec0ce50edaf83a43c",1,6,0.666666666666667,"t2"
"517","a9accdfee1f2953c4b34d4c54efc21e2",1,8,0.777777777777778,"t2"
"518","aa738ae1503bebda0b80fffc234896bd",0,1,-0.230769230769231,"t2"
"519","aafa76461cf92cd7ced8330777f77fa4",0,4,0.222222222222222,"t2"
"520","ab43099f672481d0284c57e284875e60",1,7.5,-0.4,"t2"
"521","ab81c88a7ef03972fce3fdbf22772029",1,7,0.777777777777778,"t2"
"522","ad9b512d409002ec75e71a8b04645299",0,1,-2.66666666666667,"t2"
"523","add6de3f81b77d5fbec1daa3bdbd3e86",1,7.5,0,"t2"
"524","af744783a0bb88a5ba6ea2e71696aa2a",1,6,-0.333333333333333,"t2"
"525","afa7c9623cf05a8cf914449e734549dd",0,3,0.9,"t2"
"526","b0523a3a424856730107f8c14bcf9575",0,2.5,0,"t2"
"527","b2599d78bb241e6494a67f37842587f5",0,1,-0.125,"t2"
"528","b297cf2a0758a83fe17cefd316081ee6",0,2,-0.625,"t2"
"529","b30e5ca1fc744e11ce0a3c31ecfa98df",1,7,1,"t2"
"530","b32876b10aa7fbd1606f678847db2dd2",1,7.5,-0.2,"t2"
"531","b38424cec2ad6971a7acadffe01f3cd8",0,1,-2,"t2"
"532","b388fbe2e88c39dfeb2af5acfd61d6a9",0,1,-2.5,"t2"
"533","b3a3824c035acf86a72c19f0ee37cb02",0,3,1.44444444444444,"t2"
"534","b69498bbe2c3f142fa7591d5f927ed14",0,3.5,-0.666666666666667,"t2"
"535","b78e57140a2eccdacb8b8821f54d12e7",0,1,-1.875,"t2"
"536","b83c5fadc6378c90b21542d85f9a05a4",1,8,0.777777777777778,"t2"
"537","b8b6b4aa994c6980f986f543c41a9294",0,5,-1,"t2"
"538","b9138869460155318eaaff4ac920f29b",1,5.5,0.545454545454545,"t2"
"539","b92efbc32cfce6629326adea37f66be4",0,3,0,"t2"
"540","b9b62730fbf7bccbb9fd1c41fa22ac21",1,7,0.333333333333333,"t2"
"541","ba298c6ae8eae40fe4d32a8474c0ee30",1,7,1.375,"t2"
"542","ba5bec426ae9e45e292f73bfae196287",1,8,1,"t2"
"543","bb134b90cbeaf353a5905b5ee9be4bc7",0,2,-1.375,"t2"
"544","bc06bf039e9a7af26675f3d6f7d22d62",1,7.5,1.78571428571429,"t2"
"545","bcd3ce7c45208804d0e4a7296bacaa06",1,6,1,"t2"
"546","bd13057667247dace48ba17e39f7a0fd",0,1,-0.333333333333333,"t2"
"547","bdbe994e4dc97483c83b01ac5e14d663",0,1,-2.7,"t2"
"548","bdc5d905a9473e60748c17cc753b1dff",1,6.5,0.333333333333333,"t2"
"549","bfebe0125949aee92880e86d2915ddee",1,7,0.777777777777778,"t2"
"550","c09b7f00026baa1ecbacc3c3c175d7c7",1,5.5,0.4,"t2"
"551","c0fd7c0a99c1cb3aad8060ddd44aa902",1,8,1.33333333333333,"t2"
"552","c25adc3efe125d580f552212dc134b64",0,2,-1.22222222222222,"t2"
"553","c2e4e612c55e3767111d40a0c287bc90",0,4,-0.666666666666667,"t2"
"554","c3258c17747b5f00365d41b93bf6ecb6",0,1,-2.66666666666667,"t2"
"555","c350e2a612ecd05783448973ac99b31f",0,2.5,-0.444444444444444,"t2"
"556","c59ca5fef34646036621ee32365aa234",0,3,1.33333333333333,"t2"
"557","c6e069362fa5c53b9a580a345ac83ea0",1,8,0.625,"t2"
"558","cabe2723d8294d5755b7430ca2503452",1,8,0.333333333333333,"t2"
"559","cb399d352ce1ec2be7cd44cd62da5547",1,8,-0.0833333333333333,"t2"
"560","cd28ce3e265270e2709187101b168f2f",0,2,-1.8,"t2"
"561","cdc2b22401c953185de722f3f202a705",0,5,1.625,"t2"
"562","cde5fa53b40f703dc70b0dd7b1c9893c",0,5,-0.222222222222222,"t2"
"563","d14350e82a41a24155d557a20c27db13",1,5.5,0,"t2"
"564","d1d04589eca7de5420c683289681f7a1",1,8,1.07692307692308,"t2"
"565","d2ebf3e5fc3d37798bf8c2d568afbb44",1,8,0.333333333333333,"t2"
"566","d31bd3f0e700792deeba552ca215c16c",1,8,1.4,"t2"
"567","d384c7e493ca46999e0110a55e412c7d",1,6,0.923076923076923,"t2"
"568","d38776f08f47a4a93c383b3647cd3107",0,5,-0.833333333333333,"t2"
"569","d3d36fbf92a46b3248728889d638438d",0,5,1.90909090909091,"t2"
"570","d497034d05db8414b9d1541e973ec802",0,1,-2.66666666666667,"t2"
"571","d6f31cdce18156888f587b7407557d8f",1,7.5,0.52,"t2"
"572","da73bff1862fa399432c1542c2d6655b",1,8,1.55555555555556,"t2"
"573","db3a8900a7dfcae2ddd167bb30e25f4b",1,6,0,"t2"
"574","dc7980530770b28bdee208e2a312808a",1,8,0,"t2"
"575","dfb8cf7a07fcfef87111fe97e6537b55",1,6,-0.222222222222222,"t2"
"576","e0038e1caad8de9318efc6d4444e6839",1,6,0.375,"t2"
"577","e0de677d9b55cc847fe9476a8d414438",1,6,0,"t2"
"578","e13a72dd0441ae3716177ac51f4a7693",0,3,-0.25,"t2"
"579","e14798cd4412bf86114cdb84812b4b2a",1,7,0.416666666666667,"t2"
"580","e16505fa5e5cd4fc2eff5ad02df07c0d",0,3.5,0.545454545454545,"t2"
"581","e1d87e2b7c8c79f9053765e064c00ed7",0,1,-0.0666666666666667,"t2"
"582","e23d3637a704f6ed30edbd538c83ce2e",0,5,0,"t2"
"583","e341b1dbf6a9c6dda228316f94656698",0,5.5,0.384615384615385,"t2"
"584","e3828214d37a1ea3dc23c13d924855f8",1,7,2.66666666666667,"t2"
"585","e5b5fbe14ee034c6938ea1b871a8b479",1,7.5,-0.333333333333333,"t2"
"586","e60cfba43d3f182afa10fcd9fe005952",1,5.5,0.5,"t2"
"587","e69a29e5fe72f837c04df0c785e85c16",0,1,-0.888888888888889,"t2"
"588","e78a2f07a1e81dab13ab22c983c63bd7",1,5.5,0.090909090909091,"t2"
"589","e8013498f4bf80e34f700f8da07311ec",0,5,0.333333333333333,"t2"
"590","e83d835ecdcb529efcb2aa92ce27a3e2",0,2,-1.55555555555556,"t2"
"591","e9d031f78a8f977cc0392f9eff7848df",0,3,-0.375,"t2"
"592","e9d25abfb06174432c8076578501fd84",1,7.5,1.875,"t2"
"593","e9f0d443ce9d3ad526e8df9729e15435",0,4.5,0.222222222222222,"t2"
"594","ea3c1488fe66958f38155c36a821c66b",1,5.5,0.230769230769231,"t2"
"595","eb21ac43a3580ee9f54b3ad2901ee1b1",1,6,0,"t2"
"596","eb7f0b44d3804b75d6cec9145c9378da",1,7.5,-0.5,"t2"
"597","ec27d31b2987718ad662f07c7eb10e10",1,8,-0.222222222222222,"t2"
"598","ef3d25e4785873ae30eb690b4fc5ab5d",1,8,1.44444444444444,"t2"
"599","f0daee77a93d6c259d11bafb41552704",1,6.5,-0.333333333333333,"t2"
"600","f1b040a5f2e3ce977771d13b33dcd937",1,5,-0.25,"t2"
"601","f1dc9ac9f1102b804b74350a52129286",0,1,-1.625,"t2"
"602","f26978560fe5a8561df8b4fb45e6f846",1,6,-0.111111111111111,"t2"
"603","f2d5de51f4b4206202b7ad2d23174867",0,2.5,-1.33333333333333,"t2"
"604","f381c13d21e71c9475a36c810245755a",1,5.5,0.333333333333333,"t2"
"605","f49a742be9339a65ed5e09ca974192b6",1,7,0.111111111111111,"t2"
"606","f534493118f0f85ca1f4992549c79c80",0,1,0.111111111111111,"t2"
"607","f598113b162f4170494809f350457e6a",1,7,0.666666666666667,"t2"
"608","f5be0febe9e96bcff3a0ccb82f6ef8a2",1,6,-0.444444444444444,"t2"
"609","f97ce02db73808f6313d1d09c900c687",1,6,0,"t2"
"610","f9b110f76c6a146114ab7ebc3cd52a20",1,4,-0.111111111111111,"t2"
"611","fa4b71afb0433b3116f55f77e91a58b6",1,6,-0.888888888888889,"t2"
"612","fadd2fe6bed0e43f7638e7570eddf34d",0,3.5,-0.333333333333333,"t2"
"613","faea5e67289d065352b34ccccf82f615",1,8,1.11111111111111,"t2"
"614","fb842671fb5482a8615cbb1041bba0db",1,7.5,0.666666666666667,"t2"
"615","fbd2481dd920a7d6167739d2977d3fce",1,6,0.25,"t2"
"616","fc7e3c9cec8990a909b6ed484f36b392",0,3,-1.22222222222222,"t2"
"617","fecfeb3465f1872f4cd8a69f0527402f",1,7,0,"t2"
"618","ff0771639645d631d85c2cf7645a1b6b",1,6.5,0.7,"t2"
"619","ff0c1078291a4c39646923bb2142a0fc",0,4,0.875,"t2"
"620","ffca6057d0dc76c9371303686c469b8f",1,7.5,-0.222222222222222,"t2"
"621","0505bd973d45791f009dd116a23a72bb",0,1,-2.66666666666667,"t2_controlGroup"
"622","07f2609410a93ffc339868844c0df203",1,5.5,-0.111111111111111,"t2_controlGroup"
"623","0c55cf9a79f5f75b17fb45e95aa8ae64",1,5.5,-0.2,"t2_controlGroup"
"624","1052ae52402bd63a1e0d4d8766c9f7e2",1,7.5,2.66666666666667,"t2_controlGroup"
"625","1179820a609e5cb1c53311e9462f900b",0,3.5,0,"t2_controlGroup"
"626","143a741a77c35a69bc7ccf18e13bac34",0,5,1.2,"t2_controlGroup"
"627","161676f622ed41c31f196b332a10fdc9",1,7.5,0.444444444444444,"t2_controlGroup"
"628","169a0325ed3ef2e6d78a2060959689bf",1,4,0.777777777777778,"t2_controlGroup"
"629","1d324c50fa06f8e371f72264170e68db",1,5.5,-0.5,"t2_controlGroup"
"630","1d6e261c84a6814b06b848c0ee88449a",0,2,-1.22222222222222,"t2_controlGroup"
"631","206fb2cc574ded75f7499dca5967cf75",1,5,0.5,"t2_controlGroup"
"632","231318bd5cb034aa060b1a00a12d06f8",1,7,0.888888888888889,"t2_controlGroup"
"633","255fdd82857227c5090ef90502f19d87",0,2,-1,"t2_controlGroup"
"634","2725b99ab8f5e6ad47234c11b8109b8a",1,5,1.33333333333333,"t2_controlGroup"
"635","28502ef4d570be4b7722ade7afa64815",1,6.5,1.125,"t2_controlGroup"
"636","2ba3c37129c38aa6c191bdc9c504c371",1,8,-0.3,"t2_controlGroup"
"637","30bfd0b81e10b22f244303d1049d53df",1,4.5,0,"t2_controlGroup"
"638","3b241f7a7f7c2a17aef66280d0a62679",1,7,0,"t2_controlGroup"
"639","3b7ebdb8705de76113cde84e42eb5727",1,7,0.888888888888889,"t2_controlGroup"
"640","3c9604ef41bd545ade0bf55c3c38f043",1,8,0.461538461538461,"t2_controlGroup"
"641","3fa7ed1d3f79210f2458133f63276549",1,7.5,1.27272727272727,"t2_controlGroup"
"642","49edbab4e64e32dbc6ace662c5a18688",0,4,-0.625,"t2_controlGroup"
"643","4dd8d5a56864a5a7a069597a79527461",0,1,-1.375,"t2_controlGroup"
"644","54fb3ee0f7d5ca18cb84dba05ace1947",1,7,0,"t2_controlGroup"
"645","57d341ecf12da5e5bcae4e351e831b43",1,6,0.5,"t2_controlGroup"
"646","5835076169154a9b49f3bd1a458f698e",1,6,0.5,"t2_controlGroup"
"647","60532904fdcb1a2af6e1b30c5e8a423e",1,7.5,1,"t2_controlGroup"
"648","6076d323ed9aa0aa2c8229e1d44cb8d4",1,5,-0.375,"t2_controlGroup"
"649","66fc52efde0b0ef35bbcef47e854c2dd",1,7.5,1.33333333333333,"t2_controlGroup"
"650","673a77c9bfe734ab021d221321066a54",1,7.5,1,"t2_controlGroup"
"651","68c768f00769393b5cae6cc7f06a031c",1,6,0.545454545454545,"t2_controlGroup"
"652","6b6c2f15d96f1678bee6e5284198c67c",0,1,2.25,"t2_controlGroup"
"653","72d8df273847035e7c85497bc76ec857",1,6.5,0.0909090909090909,"t2_controlGroup"
"654","74e96a132e4d98e735571df9de8a0387",0,3.5,0,"t2_controlGroup"
"655","78341fdccf963109ca77352bd64e30c1",1,7,0.75,"t2_controlGroup"
"656","7ada363edc3c43450feb21d7b3defc06",1,8,0.0454545454545455,"t2_controlGroup"
"657","7b15f33c04ba05d87db37b4dbeb45c3a",1,6,1.21428571428571,"t2_controlGroup"
"658","7d9a8e5d43a837b55322cb4e8d7fbc7c",1,5,-0.181818181818182,"t2_controlGroup"
"659","7e1d4bf40049c8c1635979b1962c89d1",1,7,0.666666666666667,"t2_controlGroup"
"660","82fdef44fa03c92c915ae1953d2525ca",1,7,0.375,"t2_controlGroup"
"661","86f09236c16f2cd24fc82fd3c0a4a93a",1,5.5,0,"t2_controlGroup"
"662","8e64dcc8c492025124b2a9fb85dcc93f",0,4,1.4,"t2_controlGroup"
"663","8f44f76ce6e26208f7345c83e5ea0e55",1,6,-0.6,"t2_controlGroup"
"664","90bbd3ced2d3783563a4e6b38b75e5f3",0,1,-0.875,"t2_controlGroup"
"665","97936272d68cf7588e466f49bfbc645b",0,2.5,0.2,"t2_controlGroup"
"666","99c9d92758e0fab9311dff1ce7d73a95",1,7.5,1.11111111111111,"t2_controlGroup"
"667","9d1e23a5e9275d067baa8e0b55130efc",1,8,0,"t2_controlGroup"
"668","9ff2f6c4d0170beaa21f17806cb524a9",1,7.5,0.4,"t2_controlGroup"
"669","a61d58375b7761ae849e97bbcbb73573",1,5.5,0.857142857142857,"t2_controlGroup"
"670","ac15dee989668d773fb2809e3b55de52",1,6.5,0.444444444444444,"t2_controlGroup"
"671","ae37c14196d631d19d43391992ea2396",1,5.5,0,"t2_controlGroup"
"672","af7585149f2e8cd9340f76bd82f535da",1,6,2,"t2_controlGroup"
"673","b8d24f6f79ec532ffb9e552df33fcd34",1,7.5,0.111111111111111,"t2_controlGroup"
"674","b8d8f68fcd2d8a1e108f70d84134a511",1,8,0.777777777777778,"t2_controlGroup"
"675","bd57643f9c34fc4f9857e7836c51e7f3",1,6.5,0.333333333333333,"t2_controlGroup"
"676","c4c74ffd6cadc1c1a003799abe7820cd",1,7.5,1.11111111111111,"t2_controlGroup"
"677","c715fac85a74b8d3bbc16178273a870d",1,7.5,0.866666666666667,"t2_controlGroup"
"678","ca955d9556e60252a4535dd4f347f9a4",0,3.5,-0.125,"t2_controlGroup"
"679","cadf87c5e83ba125f8dd214c0caa48b6",1,7,0,"t2_controlGroup"
"680","cdcfd31328fe1005bab201e5af696b1e",1,6,-0.230769230769231,"t2_controlGroup"
"681","d07c8e9625c43b7dab732f3abf4abeeb",1,5.5,0,"t2_controlGroup"
"682","d17300c24868b6ca9aa3d9bc8bba7911",1,7.5,0.363636363636364,"t2_controlGroup"
"683","d1b5c35aa5936466154d66c536c90483",0,4,-0.111111111111111,"t2_controlGroup"
"684","d78ff7f3aa386af26a9686044339f164",0,5,-0.333333333333333,"t2_controlGroup"
"685","e33ef810d536a88167520511d8f26ecf",1,8,0.444444444444444,"t2_controlGroup"
"686","e4926954d0ea8da4f34a459c01f52412",0,3,-0.888888888888889,"t2_controlGroup"
"687","efb93cb61305c50f831dd6641d3938b7",1,6,0,"t2_controlGroup"
"688","f3751885f5e83baaeea3036e3a4e971a",0,3,0.375,"t2_controlGroup"
"689","f4681aafe78cd242d2eb60a9194e9b00",1,7,0.4,"t2_controlGroup"
"690","f7f32b56aa05199183f535fb3b5039a7",0,3,-0.888888888888889,"t2_controlGroup"
"691","f86b9e6636c083610a327a3511ca4064",0,4,-0.5,"t2_controlGroup"
"692","fc73aab98a66cf1e1c955bb6b5878ed2",1,5.5,0,"t2_controlGroup"
