participantID.wave1;participantID.wave2;status w1;status w2
002ab7b0b814fad14136c1d15ccb5fed;2c1eb814a06008b67a55dcf417612b9f;complete;complete
002ab7b0b814fad14136c1d15ccb5fed;2c1eb814a06008b67a55dcf417612b9f;starter;complete
0032f0b78a8d4ff2ac5826522aa7b26a;8c5a945f651e884e604d9ed5d289c380;starter;starter
005a252a2316840f88095606b9645b16;a2dbe20c5fb208f2203d5b6fa9ccdee8;starter;complete
00aad57ff4a113211169af5c6b329c2e;f534493118f0f85ca1f4992549c79c80;complete;complete
00aad57ff4a113211169af5c6b329c2e;f534493118f0f85ca1f4992549c79c80;starter;complete
0102643de7b5a13d15296ff1e6fbf9a1;7139a0b422dae8eede253fa91d0c9949;starter;complete
011ce32b63cb96925e4ab3b36c98c518;34fd2f414f8457c07733752dfe15183a;starter;starter
01683879f6c49c9ebad7c6c534266561;2462a8480582151c544d20df81a88afb;complete;complete
01683879f6c49c9ebad7c6c534266561;2462a8480582151c544d20df81a88afb;starter;complete
01a06133ecdb226d0f6dc6b631bfe6bc;0d0a07f0c0ff04a6d240a4e517698c25;complete;starter
01a06133ecdb226d0f6dc6b631bfe6bc;0d0a07f0c0ff04a6d240a4e517698c25;starter;starter
02495b523eef75542f5467087e8fa8dc;ffca6057d0dc76c9371303686c469b8f;starter;complete
026a7226d840ae947ea7a22a2d5fa203;c6e069362fa5c53b9a580a345ac83ea0;starter;complete
02a42f66e6aebf9984ce917f57f04558;10270c25b49f1881819db234817a6a39;starter;complete
02c9627c2e2b18bf6caad07af1d97c72;10270c25b49f1881819db234817a6a39;complete;complete
02c9627c2e2b18bf6caad07af1d97c72;10270c25b49f1881819db234817a6a39;starter;complete
02e43df351f0428440079aeadaa2b99f;13ed602ade037e16c650b21ac9b0fc0e;complete;complete
02e43df351f0428440079aeadaa2b99f;13ed602ade037e16c650b21ac9b0fc0e;starter;complete
02ed7b50dc2e565d98d9062913b9f77f;542095fdffb72a8cdddde71e2f2055f5;starter;complete
0393d94dcaa316ce7573627edc13d474;8fbe7354cb8e8567fd44419d0fcfc832;starter;complete
039a052ae61975c2e1a34783c480e2b9;4877d0a043e307148049bacdd1a98bfa;complete;complete
039a052ae61975c2e1a34783c480e2b9;4877d0a043e307148049bacdd1a98bfa;starter;complete
03efba53a91a76ae85e9149011533e1c;91a4345aca61dc1ae09e2b30a860f674;complete;complete
03efba53a91a76ae85e9149011533e1c;91a4345aca61dc1ae09e2b30a860f674;starter;complete
044d1da5a49858c34e7e5be8255879cf;e78a2f07a1e81dab13ab22c983c63bd7;complete;complete
044d1da5a49858c34e7e5be8255879cf;e78a2f07a1e81dab13ab22c983c63bd7;starter;complete
04a3235c91b549e5eb639a20a602c5b6;ab81c88a7ef03972fce3fdbf22772029;starter;complete
0586e44fcfd2d76ce1cc2e3237669ab3;e4aa58d4c2953bcd405f2fe6162a2913;starter;complete
05fe42e437b674643a6dc4b0831da8c1;a30a857137f5cbfc476ce99346d34950;starter;quotafull
0601ac9a7c436998060712fa5caab282;d857f2dacaba93e85ca8b636abb1d933;complete;starter
0601ac9a7c436998060712fa5caab282;d857f2dacaba93e85ca8b636abb1d933;starter;starter
075f54c61b16639fcf335964e3816827;ab43099f672481d0284c57e284875e60;starter;complete
07b13c893af5c90246af6be205f25697;f4420c141043c65905b2cb77dac04d55;starter;complete
08103a9242a9af8fb7415d87ca5da54b;b32876b10aa7fbd1606f678847db2dd2;complete;complete
08103a9242a9af8fb7415d87ca5da54b;b32876b10aa7fbd1606f678847db2dd2;starter;complete
0899e1155516ffa0d518cec45c5bbad1;3db79753c92bd67f3d420d30b11a1efe;complete;complete
0899e1155516ffa0d518cec45c5bbad1;3db79753c92bd67f3d420d30b11a1efe;starter;complete
08d78a7afe1ac862aa2c52700be612c4;d384c7e493ca46999e0110a55e412c7d;complete;complete
08d78a7afe1ac862aa2c52700be612c4;d384c7e493ca46999e0110a55e412c7d;starter;complete
08f270b4df37241e554b4c7565b0f8c9;9480de64e0f93e5f2fcf6d61bd5a1a85;complete;complete
08f270b4df37241e554b4c7565b0f8c9;9480de64e0f93e5f2fcf6d61bd5a1a85;starter;complete
09452b363355ecd8ef2a47e32b13be86;f1dc9ac9f1102b804b74350a52129286;starter;complete
09629f1f87a567f850a8225eb4f5eacb;893fb166543b966acb5f29b709fac669;starter;complete
09b782449dcb4ba70af3f8c103ee4985;9e699971287455df2f2664e59ec1bd49;complete;quotafull
09b782449dcb4ba70af3f8c103ee4985;9e699971287455df2f2664e59ec1bd49;starter;quotafull
0a045f7991f740d80cc7aba03b4e805a;2462a8480582151c544d20df81a88afb;starter;complete
0a7e3b8d48d6cf32cda477f82920b8e4;84d9efc9e312a8e5c0527f5c913edc43;complete;complete
0a7e3b8d48d6cf32cda477f82920b8e4;84d9efc9e312a8e5c0527f5c913edc43;starter;complete
0a8f2ef5c0495dee71445824ca82f10c;ff0771639645d631d85c2cf7645a1b6b;complete;complete
0a8f2ef5c0495dee71445824ca82f10c;ff0771639645d631d85c2cf7645a1b6b;starter;complete
0abce7b279ddc719f691e9ac8dd8f9ce;a1744c584c00c304c01756e08f42ffb7;complete;complete
0abce7b279ddc719f691e9ac8dd8f9ce;a1744c584c00c304c01756e08f42ffb7;starter;complete
0acb3c6d9dd6db5f94b90f4e0044cd3e;d6f31cdce18156888f587b7407557d8f;complete;complete
0acb3c6d9dd6db5f94b90f4e0044cd3e;d6f31cdce18156888f587b7407557d8f;starter;complete
0ad8d62496ab7e8c61c11a787362ef09;135d3070a76f98d775f9d900d4178575;starter;complete
0b35a62c71523e9b05cfd06f51904a72;d1d04589eca7de5420c683289681f7a1;complete;complete
0b35a62c71523e9b05cfd06f51904a72;d1d04589eca7de5420c683289681f7a1;starter;complete
0b43d0ec0aa20e55de4438d1406d1f52;063bf981b8a39879935f4114d2602584;complete;complete
0b43d0ec0aa20e55de4438d1406d1f52;063bf981b8a39879935f4114d2602584;starter;complete
0bc4a6cc34d58ca4b281d61ddebec1f3;ff0c1078291a4c39646923bb2142a0fc;complete;complete
0bc4a6cc34d58ca4b281d61ddebec1f3;ff0c1078291a4c39646923bb2142a0fc;starter;complete
0bcbcdf191e74c40d4d5affa9702de79;a646c40b0521430ec0ce50edaf83a43c;starter;complete
0bd12289c2ab8ef15dfa0a400805f3d1;9777e8bf5d2eaaa55866ee0a63f04a03;complete;starter
0bd12289c2ab8ef15dfa0a400805f3d1;9777e8bf5d2eaaa55866ee0a63f04a03;starter;starter
0c706c3210d3df86d5bd0fcfeef8896e;9ad277b403f0cab35eeb01592a6e63ea;complete;complete
0c706c3210d3df86d5bd0fcfeef8896e;9ad277b403f0cab35eeb01592a6e63ea;starter;complete
0cbed2fd6d7912025f61ed85b0ab11b4;50b6b35198c4f53cc9335dfe1db34715;complete;complete
0cbed2fd6d7912025f61ed85b0ab11b4;50b6b35198c4f53cc9335dfe1db34715;starter;complete
0cc72f36d75fc9a08e749293193592a1;51faf2bb8ee417744f1fc613706c9ef8;complete;complete
0cc72f36d75fc9a08e749293193592a1;51faf2bb8ee417744f1fc613706c9ef8;starter;complete
0d04574c8925bcdd786125fb9aa86bbf;dde1fee83e6b5a2698f04676b3a1e352;complete;starter
0d04574c8925bcdd786125fb9aa86bbf;dde1fee83e6b5a2698f04676b3a1e352;starter;starter
0d4ca2b688f9a34e31abd6d75f4df18e;e9f0d443ce9d3ad526e8df9729e15435;complete;complete
0d4ca2b688f9a34e31abd6d75f4df18e;e9f0d443ce9d3ad526e8df9729e15435;starter;complete
0d5dd35aa66e3a5726abf9c1ccccf0c1;2b6874c0707beddc857831934471cd8e;starter;complete
0e0675fe5fb464cf4539d1c1a55f2d32;b388fbe2e88c39dfeb2af5acfd61d6a9;starter;complete
0e8102fedbf80fc6eb70dd520ac7b45c;9ce1d370b3743a45b37e5742c71f4ef4;starter;complete
0f201afd156160ebb16b8ec58100eecf;f4420c141043c65905b2cb77dac04d55;complete;complete
0f201afd156160ebb16b8ec58100eecf;f4420c141043c65905b2cb77dac04d55;starter;complete
0f8bcd52c85636720e6d13eddaba2967;050cf8cad934ddc493e701faed394e39;complete;complete
0f8bcd52c85636720e6d13eddaba2967;050cf8cad934ddc493e701faed394e39;starter;complete
103e62e4c371915d370e35771354ce4e;0d0a07f0c0ff04a6d240a4e517698c25;starter;starter
1071368c3a02fbb31b99c236a2222c2b;0dfe9e53771750ad4b92061398b5ef0b;starter;complete
10f5f4ae6ea8eea6344ebefb0861e346;82e6f05aa106f748fd863d8b85d795df;complete;starter
10f5f4ae6ea8eea6344ebefb0861e346;82e6f05aa106f748fd863d8b85d795df;starter;starter
113539244524a67cf37072168b80847e;51c9e98bafd17df7c89e7c2e302b3992;complete;starter
113539244524a67cf37072168b80847e;51c9e98bafd17df7c89e7c2e302b3992;starter;starter
11e9773e7d7b9ea280ad0267c16160eb;c25adc3efe125d580f552212dc134b64;complete;complete
11e9773e7d7b9ea280ad0267c16160eb;c25adc3efe125d580f552212dc134b64;starter;complete
136a2f64d56fa4246d47591ca8d033bc;3e251c178cca04463a76dd437b457a03;complete;complete
136a2f64d56fa4246d47591ca8d033bc;3e251c178cca04463a76dd437b457a03;starter;complete
13715271a2d48188ab026af14cf71947;6da88c4e6d0ad545338696189b3af149;complete;starter
13715271a2d48188ab026af14cf71947;6da88c4e6d0ad545338696189b3af149;starter;starter
13d06cdf3662143322b1d7cd1218e43a;ab81c88a7ef03972fce3fdbf22772029;starter;complete
13e12d96814cffd55f0536031bb049b3;e7c23f3d41da04a9895440587ddbc34b;starter;complete
141b3508efb830aa3c7e370f519d9a56;2b57b60eb32b7d94f6df3e436ad3c300;complete;complete
141b3508efb830aa3c7e370f519d9a56;2b57b60eb32b7d94f6df3e436ad3c300;starter;complete
1465f529c9bf82664d10d0be7ff0be56;90d3f5ec3bc28944e86bdbd994a601d0;complete;complete
1465f529c9bf82664d10d0be7ff0be56;90d3f5ec3bc28944e86bdbd994a601d0;starter;complete
14fe06e63a20acdde11f49131f604347;b50adb7f8d458f70c5d0439b00a673c5;complete;complete
14fe06e63a20acdde11f49131f604347;b50adb7f8d458f70c5d0439b00a673c5;starter;complete
16136bcaabf8f1314c3fcb42e0597305;e0038e1caad8de9318efc6d4444e6839;complete;complete
16136bcaabf8f1314c3fcb42e0597305;e0038e1caad8de9318efc6d4444e6839;starter;complete
1635040579286e5b7e1d433dd27e54e5;c09b7f00026baa1ecbacc3c3c175d7c7;complete;complete
1635040579286e5b7e1d433dd27e54e5;c09b7f00026baa1ecbacc3c3c175d7c7;starter;complete
1710d043db4150b56bf5b0238b042fb5;7a4109283fffa1220b2f6fbe51659f0c;starter;starter
17a0849c937dc5ab6944e3731fe276d0;89fd7035c769d2e328ce810edaba6253;complete;complete
17a0849c937dc5ab6944e3731fe276d0;89fd7035c769d2e328ce810edaba6253;starter;complete
18bb2e604239a661fe6e620fb3c19bfd;850881aa22415ebf4d9768e7e2ec6e98;complete;complete
18bb2e604239a661fe6e620fb3c19bfd;850881aa22415ebf4d9768e7e2ec6e98;starter;complete
1951e8b19e3056144f06bbf4b4d5f03e;5f62a2865cf9753e52e2c0b5970d1c04;complete;complete
1951e8b19e3056144f06bbf4b4d5f03e;5f62a2865cf9753e52e2c0b5970d1c04;starter;complete
198e5b455ec4f527a4f9125fae8bcee3;e23d3637a704f6ed30edbd538c83ce2e;starter;complete
19faba9b5f716bd7d821278daf2c10ff;e1d87e2b7c8c79f9053765e064c00ed7;complete;complete
19faba9b5f716bd7d821278daf2c10ff;e1d87e2b7c8c79f9053765e064c00ed7;starter;complete
1a2087a96a71f923ebcc398c9e895c64;2331a5742b138d26d6a11b5f2c266d77;starter;complete
1a7061a9feaa62e1a2d0f81429b64c44;ee20f0f96c2cf5f9a283889a2b18791f;complete;complete
1a7061a9feaa62e1a2d0f81429b64c44;ee20f0f96c2cf5f9a283889a2b18791f;starter;complete
1aa25fa43ade599de2d421dcf9faeeb1;f2d5de51f4b4206202b7ad2d23174867;starter;complete
1b0fe7eefa9ef508e414d2acbb6b01f1;1230acc434c9a854105ddb907ff56ddf;complete;complete
1b0fe7eefa9ef508e414d2acbb6b01f1;1230acc434c9a854105ddb907ff56ddf;starter;complete
1beece1bd24bbd0f14b2e429e7b9bc5a;d384c7e493ca46999e0110a55e412c7d;starter;complete
1c3a3ea2b9e5abc76f6550c26df5fb7a;0a3e5791f354df5bb4cfc493fabd66ea;complete;starter
1c3a3ea2b9e5abc76f6550c26df5fb7a;0a3e5791f354df5bb4cfc493fabd66ea;starter;starter
1d28300b38bfeda77a9fd3f77abef05d;102a24de380fbc59705f8261c4982a97;complete;complete
1d28300b38bfeda77a9fd3f77abef05d;102a24de380fbc59705f8261c4982a97;starter;complete
1d32a440bb1c9f017a2492986e63139a;b297cf2a0758a83fe17cefd316081ee6;complete;complete
1d32a440bb1c9f017a2492986e63139a;b297cf2a0758a83fe17cefd316081ee6;starter;complete
1d4a64e6db046f65bc41d933018bfa44;e7c23f3d41da04a9895440587ddbc34b;starter;complete
1d4f1cc4d819db6b537a97105cce743a;86406f70e00b5fe7692c153a0f401f45;complete;complete
1d4f1cc4d819db6b537a97105cce743a;86406f70e00b5fe7692c153a0f401f45;starter;complete
1e9ac7c4324f8d70c5df27203357e083;1fa411afa0843ab01db6ea548ba616a7;starter;complete
1e9f6f43b8df7ffbbd481281e7f7b774;52f9f6e64b7c9dcb57494838b25d93f9;starter;starter
1fa4c9b19c27cafc3fcf8941f0e7dec0;cd28ce3e265270e2709187101b168f2f;starter;complete
1ff7f5b981e6af070ae1562d18952282;28e26ff90e8057895e4549c416bef196;starter;complete
204b1d67d2f8c0f19c72c3dd44b7dae1;1eb3bf7a6a94e115be63209a357b3153;complete;complete
204b1d67d2f8c0f19c72c3dd44b7dae1;1eb3bf7a6a94e115be63209a357b3153;starter;complete
2090888493e0b5b927ab4af52cedb41d;7291643babb68f7aa7a8cc60373321ca;complete;complete
2090888493e0b5b927ab4af52cedb41d;7291643babb68f7aa7a8cc60373321ca;starter;complete
20b6418c6142fd126e5f151c3afbda57;ec27d31b2987718ad662f07c7eb10e10;starter;complete
2230656153573e88cf41ae29fedd023f;f598113b162f4170494809f350457e6a;complete;complete
2230656153573e88cf41ae29fedd023f;f598113b162f4170494809f350457e6a;starter;complete
22391a445cf4494adc7c4c18767f81ff;e13a72dd0441ae3716177ac51f4a7693;complete;complete
22391a445cf4494adc7c4c18767f81ff;e13a72dd0441ae3716177ac51f4a7693;starter;complete
2277a10cd8dd929c504f3a92646cb45c;25f5b8bf7bc57a70105788c726f627c8;starter;complete
229f5f8b4620cba1ed6c3f6bb7afe00f;51fccb38498bde2ef6661e675e6010cb;complete;complete
229f5f8b4620cba1ed6c3f6bb7afe00f;51fccb38498bde2ef6661e675e6010cb;starter;complete
22d01b31a4c3b7b4153164452f4ab750;aafa76461cf92cd7ced8330777f77fa4;starter;complete
22fbbb8daf51b425c2db447e2b9c9fb3;3b68690fca3a88f1dbdca684c1859b01;starter;starter
2307f1817a6bed85062f6b17301b4183;f1dc9ac9f1102b804b74350a52129286;starter;complete
23a1d5ab79b1bf9d6b82bf66a1142395;825b4221dd92f0277336b2bf481f0bab;complete;complete
23a1d5ab79b1bf9d6b82bf66a1142395;825b4221dd92f0277336b2bf481f0bab;starter;complete
23d575c58a5704f5139d4cb45d57c462;48e9b44ba4ab55c6d31751967943e1d3;starter;complete
2401e72320e5232251dfc76c0d1f1e95;3403d127ba6300b6551f4bdc8cbf4130;complete;complete
2401e72320e5232251dfc76c0d1f1e95;3403d127ba6300b6551f4bdc8cbf4130;starter;complete
2523ad29637c9e0714fd12cbffe63d70;d232f029c4b1a914ae8dd0c7cce2096d;complete;starter
2523ad29637c9e0714fd12cbffe63d70;d232f029c4b1a914ae8dd0c7cce2096d;starter;starter
26715a62ae8c0392c262d64bba382c19;98db25bdd3c8dca027bb309c56f049f3;starter;complete
26e76b311dddd5cfbec6013154aa693f;fbd2481dd920a7d6167739d2977d3fce;complete;complete
26e76b311dddd5cfbec6013154aa693f;fbd2481dd920a7d6167739d2977d3fce;starter;complete
27199222278d5ef18e98ee5bf125075d;5d802a0c437a8b434906691d9f90b929;complete;complete
27199222278d5ef18e98ee5bf125075d;5d802a0c437a8b434906691d9f90b929;starter;complete
274e82c6bdf7f345a4ddeb3572e94265;e7c23f3d41da04a9895440587ddbc34b;starter;complete
28184a2d2974af244d7e32bc098aa6d4;db3a8900a7dfcae2ddd167bb30e25f4b;complete;complete
28184a2d2974af244d7e32bc098aa6d4;db3a8900a7dfcae2ddd167bb30e25f4b;starter;complete
292eb6aff7fb15bb21c2f2aa17847179;f97ce02db73808f6313d1d09c900c687;complete;complete
292eb6aff7fb15bb21c2f2aa17847179;f97ce02db73808f6313d1d09c900c687;starter;complete
296e4bea8ab4ebeb3b1540ce6fa2a70d;8e80af93733288d0d86c3acd8238848c;complete;complete
296e4bea8ab4ebeb3b1540ce6fa2a70d;8e80af93733288d0d86c3acd8238848c;starter;complete
29f5927106678fff66ec7f7743faabb9;5ed95efd38dde059c761c16573bca14b;complete;complete
29f5927106678fff66ec7f7743faabb9;5ed95efd38dde059c761c16573bca14b;starter;complete
2a4858f65b3c66a7ee3eac9eb4380d9a;95fbd0933ae58a48fcf3dbfcaa54808b;starter;complete
2a821b06b4c4005097c94cbb2fe0d414;597cd1aac089e4029e8b687bb366815f;starter;starter
2ac982a09ac14d250deb5cd691a1ca02;5f62a2865cf9753e52e2c0b5970d1c04;starter;complete
2add4f557c09a686c9b52051f9d2e6a8;e8aab590be47185b641943ed9dbf9919;starter;starter
2b8caf3d6e73048bc9645aee62748efc;874fbe8bb77cfb5a8e5045598b5a1765;complete;complete
2b8caf3d6e73048bc9645aee62748efc;874fbe8bb77cfb5a8e5045598b5a1765;starter;complete
2bb6c4caf4195d1fb5599a9cc87fe9a0;d38776f08f47a4a93c383b3647cd3107;complete;complete
2bb6c4caf4195d1fb5599a9cc87fe9a0;d38776f08f47a4a93c383b3647cd3107;starter;complete
2bb9962fb478c207b0fcb2e5b8d95b0e;e8aab590be47185b641943ed9dbf9919;complete;starter
2bb9962fb478c207b0fcb2e5b8d95b0e;e8aab590be47185b641943ed9dbf9919;starter;starter
2bddaeb8cf265818dd8b109b4679530f;94b43d99038a8831126e8deed76cb102;starter;complete
2ca5d7b6b08b05c60e3c4ce8f59cfee6;d4ff25477a8f903f30b290c4654c2a50;starter;starter
2caf620bdcf7bcd949e3d4296f622c81;b30e5ca1fc744e11ce0a3c31ecfa98df;starter;complete
2d53314489cf57aab3d27fb8ebae4a30;fadd2fe6bed0e43f7638e7570eddf34d;starter;complete
2de946facf4af985c71d1942fb1d2000;51fccb38498bde2ef6661e675e6010cb;starter;complete
2e691334ab28032c3da813f1ab639ac1;b9138869460155318eaaff4ac920f29b;starter;complete
2f30fbc729c236651b62bf57f50a7268;7e2b88bb53ac1f4e902874df47a8d014;complete;starter
2f30fbc729c236651b62bf57f50a7268;7e2b88bb53ac1f4e902874df47a8d014;starter;starter
2f63db5e248466fbf78793458d9965f2;33cf628b6127e4b1818126a5fca713b6;starter;complete
2f78792379075ce13ba87defe3d88a65;6a84f2a5ac50b949e940d0a79428925e;starter;complete
2fac7d3262d7b47dd80404a71ecb1164;b388fbe2e88c39dfeb2af5acfd61d6a9;complete;complete
2fac7d3262d7b47dd80404a71ecb1164;b388fbe2e88c39dfeb2af5acfd61d6a9;starter;complete
2fed7c553c7f54d1429ce9a89858a97f;1720961f638f8b62b305c484bfcd8b3f;complete;complete
2fed7c553c7f54d1429ce9a89858a97f;1720961f638f8b62b305c484bfcd8b3f;starter;complete
3013fb14fc91dd05dea198186e068709;4d9d999d28ad1585305769179c240068;complete;complete
3013fb14fc91dd05dea198186e068709;4d9d999d28ad1585305769179c240068;starter;complete
30aaa78dfdb1066d5809749872b93c8c;599477b06a0f0013ac8ba65094c7db7a;starter;complete
30fd7be5ff0ff85662242de09d6cc44c;5df251b63bb729c916587df12967c1e0;starter;starter
310fea6e959f942d3f0c6e20b60216c5;68c4ce4c4ceae089f3325ad5a8770cb4;complete;complete
310fea6e959f942d3f0c6e20b60216c5;68c4ce4c4ceae089f3325ad5a8770cb4;starter;complete
31adbb8db2db16c14dd745dbb6387c14;13e6b6c1f9a132bf83b2c2ea712af893;complete;starter
31adbb8db2db16c14dd745dbb6387c14;13e6b6c1f9a132bf83b2c2ea712af893;starter;starter
31b5efefc69c89e87671417da04f06d9;23bec6d122dfe176ea29b1a20333d616;complete;complete
31b5efefc69c89e87671417da04f06d9;23bec6d122dfe176ea29b1a20333d616;starter;complete
31f27185157d0ae4f4581f6a8a498da8;e5ca716bc55713e5e464b3467c7d2ed9;complete;starter
31f27185157d0ae4f4581f6a8a498da8;e5ca716bc55713e5e464b3467c7d2ed9;starter;starter
321a5c6c9edd79bc851c3550ec8e8abf;f9b110f76c6a146114ab7ebc3cd52a20;starter;complete
327e401282fdd57c3ea0a302542de463;f88969c5488f5d57036b5c167313474f;starter;starter
331bc110e65507edfaf97c9152ffdaa9;20a5bf4d894cad7801d5efe2a1293301;complete;complete
331bc110e65507edfaf97c9152ffdaa9;20a5bf4d894cad7801d5efe2a1293301;starter;complete
33381bd658cb83e4970fea2700d7577a;ed94c4e4fcee58caefeb1c0174f845c0;complete;quotafull
33381bd658cb83e4970fea2700d7577a;ed94c4e4fcee58caefeb1c0174f845c0;starter;quotafull
33479e49e5ffeab15969306f7b8729c7;fadd2fe6bed0e43f7638e7570eddf34d;starter;complete
3352b4d40a541c7245bdf3c51aaffba8;3ed5cee6d1334618f3d42675dd1682a7;starter;quotafull
336a1d828bebdcbf592acacc9600a09c;5bf8c6176af1d8a6d8deaa21ff96c303;complete;complete
336a1d828bebdcbf592acacc9600a09c;5bf8c6176af1d8a6d8deaa21ff96c303;starter;complete
3404069b5b4d8b910918f42237fe1d99;bfebe0125949aee92880e86d2915ddee;complete;complete
3404069b5b4d8b910918f42237fe1d99;bfebe0125949aee92880e86d2915ddee;starter;complete
34958d662197306ef8f8f00562c8c418;9ad277b403f0cab35eeb01592a6e63ea;starter;complete
35128bf9a8eddecd1932110c6454ee88;55fb7e7b6a5fe7b490b8b22e7321715b;complete;starter
35128bf9a8eddecd1932110c6454ee88;55fb7e7b6a5fe7b490b8b22e7321715b;starter;starter
3533682accb03ed655e6005cd0377c3f;2ea70a19ff43cc7cda7bc9d36d458b9b;complete;complete
3533682accb03ed655e6005cd0377c3f;2ea70a19ff43cc7cda7bc9d36d458b9b;starter;complete
353519e63c5dcce91235b0c7691be289;9baa33fa952a0d9743765736cf09cd2a;complete;complete
353519e63c5dcce91235b0c7691be289;9baa33fa952a0d9743765736cf09cd2a;starter;complete
353d0f4dd45d74d99a8c5ac928395195;fadd2fe6bed0e43f7638e7570eddf34d;starter;complete
354a5a3046d9f006a88196d4737ec8a8;b9138869460155318eaaff4ac920f29b;complete;complete
354a5a3046d9f006a88196d4737ec8a8;b9138869460155318eaaff4ac920f29b;starter;complete
35d86c08d35201039ea70eadba5347f8;542095fdffb72a8cdddde71e2f2055f5;complete;complete
35d86c08d35201039ea70eadba5347f8;542095fdffb72a8cdddde71e2f2055f5;starter;complete
36c0d34ccd7f9f55d7633299f7b8ec84;a30a857137f5cbfc476ce99346d34950;complete;quotafull
36c0d34ccd7f9f55d7633299f7b8ec84;a30a857137f5cbfc476ce99346d34950;starter;quotafull
36e006c9dec7d6c8a7edb1b5638c29d7;59591362e8eb1e9ab75884261cbb0a17;complete;complete
36e006c9dec7d6c8a7edb1b5638c29d7;59591362e8eb1e9ab75884261cbb0a17;starter;complete
37000cd467ebedc18649df79fe73b095;dff74c8504d931186e9cf977a3792e6b;starter;complete
3719055bb8131d143c791f4171409d66;55fb7e7b6a5fe7b490b8b22e7321715b;starter;starter
376dd4399ffb63ee335ed8fa16d1d5fd;44f023711b955d2d83a7d46ddc965268;complete;complete
376dd4399ffb63ee335ed8fa16d1d5fd;44f023711b955d2d83a7d46ddc965268;starter;complete
37ad79e221eff5d5281e93ba27401a30;15fa84675ed71faa99c16599223f6e5d;complete;complete
37ad79e221eff5d5281e93ba27401a30;15fa84675ed71faa99c16599223f6e5d;starter;complete
3808dca19b9cfdefcf03e4602ef8df51;5ba7e18854b267d8ca2433b386fc0888;starter;quotafull
3840a5919720defbc37520fff108d605;bb134b90cbeaf353a5905b5ee9be4bc7;starter;complete
386cbfe0185925ac84c1db938e77aeb5;51faf2bb8ee417744f1fc613706c9ef8;starter;complete
3989f6bef8de7ad7559a1be2137e1caf;849a53e991b3532b478f2540bd453535;complete;complete
3989f6bef8de7ad7559a1be2137e1caf;849a53e991b3532b478f2540bd453535;starter;complete
3a1788731aa232c531e8a0733f01a564;4a49d33af71ff7de1ddf86a08d2da084;complete;quotafull
3a1788731aa232c531e8a0733f01a564;4a49d33af71ff7de1ddf86a08d2da084;starter;quotafull
3a2da12f5e62f5b58f138d32ce0e3e47;e7c23f3d41da04a9895440587ddbc34b;complete;complete
3a2da12f5e62f5b58f138d32ce0e3e47;e7c23f3d41da04a9895440587ddbc34b;starter;complete
3a467f3c8986595c5e12883cc2c064bf;696d88463cc93e473421a83476dbc3b9;starter;starter
3a7c734726690a61345a580bcf4285b7;fc7e3c9cec8990a909b6ed484f36b392;complete;complete
3a7c734726690a61345a580bcf4285b7;fc7e3c9cec8990a909b6ed484f36b392;starter;complete
3a97fa646f55cdd4cc1743c76e6a6bd5;135d3070a76f98d775f9d900d4178575;starter;complete
3aa8e87c6b7a92584455b7a6eb743010;b78e57140a2eccdacb8b8821f54d12e7;starter;complete
3b2becbfd40d5ba4c7f18a0994adaac0;2c2fc51a2e7ad27c3eb12cf52462aefa;complete;complete
3b2becbfd40d5ba4c7f18a0994adaac0;2c2fc51a2e7ad27c3eb12cf52462aefa;starter;complete
3b5c8a468ddbc65793a20cc14ced71a9;315530df3460ee69ff36af27d457448e;complete;complete
3b5c8a468ddbc65793a20cc14ced71a9;315530df3460ee69ff36af27d457448e;starter;complete
3b606176c2ff2ae2b888f3c6a7d23e15;261b7fa71998849404bd90f44e0a72a5;complete;complete
3b606176c2ff2ae2b888f3c6a7d23e15;261b7fa71998849404bd90f44e0a72a5;starter;complete
3b9be1501e04843462b77fc92ebe87c4;428ef4e2c9259daacaeb880ae022a108;starter;complete
3bde3680d2eaf1a637f93e1ea7ee4323;5c198cc74c74b828917d68e849a0e3e8;starter;starter
3c91253a346d5485ebc08242dac11e9b;c2e4e612c55e3767111d40a0c287bc90;complete;complete
3c91253a346d5485ebc08242dac11e9b;c2e4e612c55e3767111d40a0c287bc90;starter;complete
3ccdef0bbadcce0ced957df94a56a645;580686306f02da9baec7c3ed1680cadc;starter;starter
3d3bc9d76bc93a63858cef11fb639b24;0b4874db2503d6e21cea154efa25c3ba;complete;complete
3d3bc9d76bc93a63858cef11fb639b24;0b4874db2503d6e21cea154efa25c3ba;starter;complete
3d7e773f91301b5ec1bf685a0bf252d2;e23d3637a704f6ed30edbd538c83ce2e;complete;complete
3d7e773f91301b5ec1bf685a0bf252d2;e23d3637a704f6ed30edbd538c83ce2e;starter;complete
3db2aa1783214f6d6bdfc3dbf4b611ec;830e7c8a1b7d0616aceae6f7da5d7829;complete;quotafull
3db2aa1783214f6d6bdfc3dbf4b611ec;830e7c8a1b7d0616aceae6f7da5d7829;starter;quotafull
3dde662f1a07223c32a4c4e7d3d703eb;c59ca5fef34646036621ee32365aa234;complete;complete
3dde662f1a07223c32a4c4e7d3d703eb;c59ca5fef34646036621ee32365aa234;starter;complete
3de0eb0d613ddb4a2e669e4567816ad7;7025d33d207bba9b763cb10ca3477716;starter;complete
3de6cf8f9be8ffe41a6d750ada4bd7f2;d232f029c4b1a914ae8dd0c7cce2096d;starter;starter
3e538006aad80f6ff0313de54607bd55;769bc168a2271f8be9a93faf0cc59f76;complete;complete
3e538006aad80f6ff0313de54607bd55;769bc168a2271f8be9a93faf0cc59f76;starter;complete
3f3febef723ed5e70c9c2eb095bf3992;3ed5cee6d1334618f3d42675dd1682a7;complete;quotafull
3f3febef723ed5e70c9c2eb095bf3992;3ed5cee6d1334618f3d42675dd1682a7;starter;quotafull
3f7f1bf1016c54b19fc012720b4eb561;378a4d80e040b887de77c0629d701f51;complete;complete
3f7f1bf1016c54b19fc012720b4eb561;378a4d80e040b887de77c0629d701f51;starter;complete
407df2315ddc494dbed10106e517d9aa;09ce2dd5ec1be44883f18eb3afb32ea3;complete;complete
407df2315ddc494dbed10106e517d9aa;09ce2dd5ec1be44883f18eb3afb32ea3;starter;complete
4190decd6a45e2b86b59e24bb8ff2cdb;5aea218cae74792113d80b997c32e223;complete;complete
4190decd6a45e2b86b59e24bb8ff2cdb;5aea218cae74792113d80b997c32e223;starter;complete
41b340ddf50b952f41e1fb939ec1119c;44f023711b955d2d83a7d46ddc965268;starter;complete
430d9132a99b96f3e439bb47571e6b6a;72e4ea634441b4d5b9e8a25d2d1516cb;complete;starter
430d9132a99b96f3e439bb47571e6b6a;72e4ea634441b4d5b9e8a25d2d1516cb;starter;starter
4311f0d4637ceda2e0bd0c34b2ba436b;3e251c178cca04463a76dd437b457a03;starter;complete
433160091f85d7a01ad7bdb898edb10c;6a132ba4b3fad80d147e150a85d1558c;starter;complete
43eae557e0f7b56593827f117702d7a2;e16505fa5e5cd4fc2eff5ad02df07c0d;starter;complete
4420fa73f919cf09ffc4a42896caa91e;9fbccaa0f9ff33ab88e412782055275f;starter;complete
4433ec5f1b330e801ba8fdd5ca0b4954;7ce1d0a438e0aecee4e7b75f2a5a361a;complete;quotafull
4433ec5f1b330e801ba8fdd5ca0b4954;7ce1d0a438e0aecee4e7b75f2a5a361a;starter;quotafull
444be87539b0c0010cf4614d69e273f4;ce89405bd466a4f4591fe52e90012da7;complete;quotafull
444be87539b0c0010cf4614d69e273f4;ce89405bd466a4f4591fe52e90012da7;starter;quotafull
44a83a9367422a7a8542b2ad4387e01b;599477b06a0f0013ac8ba65094c7db7a;starter;complete
44b7a93dbc07c1f774348b9e84810049;064d61939bd10017290408e5b9cdf7c8;complete;complete
44b7a93dbc07c1f774348b9e84810049;064d61939bd10017290408e5b9cdf7c8;starter;complete
44ec8da4fc59a8ca41e734a967f738bf;d232f029c4b1a914ae8dd0c7cce2096d;starter;starter
44ed2e375788448075512f0f5fb17d6c;b07aa00d8183ece43be0b31d2cd195bb;starter;starter
44ed71cbeb00717a5613bfc2acfda38d;4d9d999d28ad1585305769179c240068;starter;complete
452756b0d9a195bee47a7972f4c8952f;d3d36fbf92a46b3248728889d638438d;starter;complete
460f60f3e3806e18bf854bb2f5fb3f80;aafa76461cf92cd7ced8330777f77fa4;complete;complete
460f60f3e3806e18bf854bb2f5fb3f80;aafa76461cf92cd7ced8330777f77fa4;starter;complete
46a8351463a9fbe17bcddb622c748f5a;1125e219980e009eec27701adf71c5b4;complete;complete
46a8351463a9fbe17bcddb622c748f5a;1125e219980e009eec27701adf71c5b4;starter;complete
46b3bf73bdf295683f05eae825f87768;11efa183b2f6d5e5cad987f80e9e132a;starter;complete
46f019a6c9cadbbba795c97fbfa0e59c;52f9f6e64b7c9dcb57494838b25d93f9;complete;starter
46f019a6c9cadbbba795c97fbfa0e59c;52f9f6e64b7c9dcb57494838b25d93f9;starter;starter
4702bb8fdf60d6cccfa7fcb7414e9898;5b59e0e1947e46c45375a4658f62dde0;complete;complete
4702bb8fdf60d6cccfa7fcb7414e9898;5b59e0e1947e46c45375a4658f62dde0;starter;complete
474ed76e1c447dbbab6dcb3012fb9e23;82e6f05aa106f748fd863d8b85d795df;starter;starter
47527a7f374f7835f9a8f6b364a95f57;b07aa00d8183ece43be0b31d2cd195bb;complete;starter
47527a7f374f7835f9a8f6b364a95f57;b07aa00d8183ece43be0b31d2cd195bb;starter;starter
4772b19a4ff533f2ba5f97b88e1e399b;bb134b90cbeaf353a5905b5ee9be4bc7;complete;complete
4772b19a4ff533f2ba5f97b88e1e399b;bb134b90cbeaf353a5905b5ee9be4bc7;starter;complete
47845ac32f62de71c72a8b8f4f201662;eb21ac43a3580ee9f54b3ad2901ee1b1;complete;complete
47845ac32f62de71c72a8b8f4f201662;eb21ac43a3580ee9f54b3ad2901ee1b1;starter;complete
478d8145314fae7687088bee7c2113ea;b9b62730fbf7bccbb9fd1c41fa22ac21;complete;complete
478d8145314fae7687088bee7c2113ea;b9b62730fbf7bccbb9fd1c41fa22ac21;starter;complete
47c550c9c091c47c8ec091093f5c9804;7e2b88bb53ac1f4e902874df47a8d014;starter;starter
489d61c7b1b4bc486673bb3ac54de60c;35371ac6889fda3bddbe1478f75a2244;complete;complete
489d61c7b1b4bc486673bb3ac54de60c;35371ac6889fda3bddbe1478f75a2244;starter;complete
492618a9409ab595753580dd76e236f7;9c646a402946182f3fbbce03cabedb81;starter;complete
4964d555782f1dc14a06e7029a917799;256fdc18da98a45a3f23ec0834c222c7;complete;complete
4964d555782f1dc14a06e7029a917799;256fdc18da98a45a3f23ec0834c222c7;starter;complete
49b2abcb6e57c80df27b614afe4a0c3c;ab81c88a7ef03972fce3fdbf22772029;starter;complete
49d3615cdf249fba86ae25f418effa08;5c198cc74c74b828917d68e849a0e3e8;starter;starter
4a95400e7e9bde98f48762498e4cef30;e0038e1caad8de9318efc6d4444e6839;starter;complete
4b89aae3fba3074e10debba5917ada17;53d6a033306900f5691545d6f1b8b16e;complete;starter
4b89aae3fba3074e10debba5917ada17;53d6a033306900f5691545d6f1b8b16e;starter;starter
4c27e938832d60936631e0671f93f058;e8013498f4bf80e34f700f8da07311ec;complete;complete
4c27e938832d60936631e0671f93f058;e8013498f4bf80e34f700f8da07311ec;starter;complete
4c6912da551f7628ab443b3ed8ad84ac;d497034d05db8414b9d1541e973ec802;complete;complete
4c6912da551f7628ab443b3ed8ad84ac;d497034d05db8414b9d1541e973ec802;starter;complete
4c73ca5e5023eb83ffe81e4ee89a8ad2;c2e4e612c55e3767111d40a0c287bc90;starter;complete
4c9447f2dc53f8d7b19bec0b31a2e5f5;93d329a6d972d121c8ff9b8f31cbd47e;complete;complete
4c9447f2dc53f8d7b19bec0b31a2e5f5;93d329a6d972d121c8ff9b8f31cbd47e;starter;complete
4d22265bf03558f08c96f266b18614d9;2a2477f05b42283f3a54b934b8d2710d;complete;complete
4d22265bf03558f08c96f266b18614d9;2a2477f05b42283f3a54b934b8d2710d;starter;complete
4d24efef77ca94fcbacfec797c278547;b83c5fadc6378c90b21542d85f9a05a4;complete;complete
4d24efef77ca94fcbacfec797c278547;b83c5fadc6378c90b21542d85f9a05a4;starter;complete
4d9e298a1a95caecc09860c487d0456a;d384c7e493ca46999e0110a55e412c7d;starter;complete
4dae9fe1182573e6a1aa775b1ebbb0f3;e341b1dbf6a9c6dda228316f94656698;complete;complete
4dae9fe1182573e6a1aa775b1ebbb0f3;e341b1dbf6a9c6dda228316f94656698;starter;complete
4e796257dd799eb13e9368a68d78c7b4;0d206f65903c78cc3a43fb762b3f2d55;complete;starter
4e796257dd799eb13e9368a68d78c7b4;0d206f65903c78cc3a43fb762b3f2d55;starter;starter
4e9143392d28492266e25fd871f206e8;3748a01168821be600af685a8f4162f9;complete;complete
4e9143392d28492266e25fd871f206e8;3748a01168821be600af685a8f4162f9;starter;complete
4eeed2f643675b2986f5812d6f481770;28e26ff90e8057895e4549c416bef196;complete;complete
4eeed2f643675b2986f5812d6f481770;28e26ff90e8057895e4549c416bef196;starter;complete
4f63ff31c852b876c90635d4ac65de57;e5ca716bc55713e5e464b3467c7d2ed9;starter;starter
5001ad37ba142763d0a50006938aee77;0dfe9e53771750ad4b92061398b5ef0b;complete;complete
5001ad37ba142763d0a50006938aee77;0dfe9e53771750ad4b92061398b5ef0b;starter;complete
503e5c488a41501478ed4fff78c2d7b2;08c6dc040b075fbc6843133973acb9fe;complete;starter
503e5c488a41501478ed4fff78c2d7b2;08c6dc040b075fbc6843133973acb9fe;starter;starter
5047e3daf4ec92012b1c1ffc8c147ae6;e5b5fbe14ee034c6938ea1b871a8b479;complete;complete
5047e3daf4ec92012b1c1ffc8c147ae6;e5b5fbe14ee034c6938ea1b871a8b479;starter;complete
509ba06d0627fb570e93eb4b98d21daa;e69a29e5fe72f837c04df0c785e85c16;complete;complete
509ba06d0627fb570e93eb4b98d21daa;e69a29e5fe72f837c04df0c785e85c16;starter;complete
51c22d9b1016cc23be9bbbe5d4f60102;7872a5468ead7a2e7e57f694f9f1e40b;complete;complete
51c22d9b1016cc23be9bbbe5d4f60102;7872a5468ead7a2e7e57f694f9f1e40b;starter;complete
5204e08b055eb40e53f2d5f169b59377;2331a5742b138d26d6a11b5f2c266d77;starter;complete
52a797384143a02ab36f9754b89b5ed4;e9f0d443ce9d3ad526e8df9729e15435;starter;complete
52d6316659ee8546da466d279708b08e;7e2b88bb53ac1f4e902874df47a8d014;starter;starter
5355a7eb89870d13f254fc23028fc04f;050cf8cad934ddc493e701faed394e39;starter;complete
53767853120ad553039d5381034e3e95;28e26ff90e8057895e4549c416bef196;starter;complete
53cffc91626ba295e14c0230602bb497;1125e219980e009eec27701adf71c5b4;starter;complete
53e218a5d5a5b3877e041a570fd9024a;52f9f6e64b7c9dcb57494838b25d93f9;starter;starter
53f6f75c83270e25d529c8bef28b632b;9ce1d370b3743a45b37e5742c71f4ef4;starter;complete
54128a49a4453b77aa9b495d4012f500;7b806f29399f09d4dd099825e80c9ad0;starter;starter
5414beae07b9873458216ddd1b68c498;378a4d80e040b887de77c0629d701f51;starter;complete
554cfe3dc749c78353b92eeb257bf91d;2eb3729a5da3424ef431a8b541506a3d;complete;complete
554cfe3dc749c78353b92eeb257bf91d;2eb3729a5da3424ef431a8b541506a3d;starter;complete
5563bccc28833e01ed2c2bb13630cd34;ef3d25e4785873ae30eb690b4fc5ab5d;complete;complete
5563bccc28833e01ed2c2bb13630cd34;ef3d25e4785873ae30eb690b4fc5ab5d;starter;complete
55fbe34b4ee8cce76fbf700d6c55320c;378a4d80e040b887de77c0629d701f51;starter;complete
565521c0c53519d3ae07c6fa5b4d392a;0d206f65903c78cc3a43fb762b3f2d55;starter;starter
570d02cee6f608c29ed9de445dd3df8e;3748a01168821be600af685a8f4162f9;starter;complete
575495bd3091aeeeb2e87588b9c9c2f7;3479eef3d93b60655322fd211b6ab59a;starter;starter
57b5a61aa6f76f178f5da3e0c5ee7b16;88d4753fa3080db46813d34cb29e19a2;complete;complete
57b5a61aa6f76f178f5da3e0c5ee7b16;88d4753fa3080db46813d34cb29e19a2;starter;complete
57cd67c5c4baedfc19478d47272d2e4c;244557bf331bd3989e7347bcdcfa30e5;starter;starter
582efa56126cd77048b86030c14bd942;801374546a4ad5f803e5fbe9ed6bebab;complete;starter
582efa56126cd77048b86030c14bd942;801374546a4ad5f803e5fbe9ed6bebab;starter;starter
58a75677fee6b480f1f5c9cd602c4e82;bc06bf039e9a7af26675f3d6f7d22d62;complete;complete
58a75677fee6b480f1f5c9cd602c4e82;bc06bf039e9a7af26675f3d6f7d22d62;starter;complete
59a74a28e063954bf124d92dd944a088;477953cb9788747e6cba7287ae7ba3bc;complete;complete
59a74a28e063954bf124d92dd944a088;477953cb9788747e6cba7287ae7ba3bc;starter;complete
59d2ddd09b8b96a28412badf7c2a140a;5f62a2865cf9753e52e2c0b5970d1c04;starter;complete
59e959073423f701676deec5fb996792;5df251b63bb729c916587df12967c1e0;complete;starter
59e959073423f701676deec5fb996792;5df251b63bb729c916587df12967c1e0;starter;starter
5a691b7b310b3621dd70d81a5c163649;33cf628b6127e4b1818126a5fca713b6;complete;complete
5a691b7b310b3621dd70d81a5c163649;33cf628b6127e4b1818126a5fca713b6;starter;complete
5b08625c3a8f1357e343e00f752b8324;6412ec67314c0c8d823939efd15206cc;starter;complete
5b5a152eca4ce66183d3764cadba5ba0;95fbd0933ae58a48fcf3dbfcaa54808b;starter;complete
5b6ededd1906cf1b6907c93880bbfa45;71c446bd36fbd2dfceffa1d8fa119c36;complete;quotafull
5b6ededd1906cf1b6907c93880bbfa45;71c446bd36fbd2dfceffa1d8fa119c36;starter;quotafull
5c41d34ac2d2b13859f45b84b2c6757c;51c9e98bafd17df7c89e7c2e302b3992;starter;starter
5c71bb6928d9331f4f2cffd9a217dbf1;e9d25abfb06174432c8076578501fd84;complete;complete
5c71bb6928d9331f4f2cffd9a217dbf1;e9d25abfb06174432c8076578501fd84;starter;complete
5c8ae580a2568e0cdd297f0ce579e52d;b8e9087a55519124efbfb7763e3f3bde;complete;complete
5c8ae580a2568e0cdd297f0ce579e52d;b8e9087a55519124efbfb7763e3f3bde;starter;complete
5c8e052d48eded9e6c1eec8b99f1d27b;9bed083bcb6d49cfd47b402320c588e4;complete;starter
5c8e052d48eded9e6c1eec8b99f1d27b;9bed083bcb6d49cfd47b402320c588e4;starter;starter
5c9262313ed37c75b93f7f3e8a36d807;59f154566afedf9a73f258c52f2d47b9;complete;complete
5c9262313ed37c75b93f7f3e8a36d807;59f154566afedf9a73f258c52f2d47b9;starter;complete
5c9aff5240af9c0c8c9c11821f86904a;dc7980530770b28bdee208e2a312808a;complete;complete
5c9aff5240af9c0c8c9c11821f86904a;dc7980530770b28bdee208e2a312808a;starter;complete
5ce4ba1c79b2e4df5c68c5570bd0b65d;588d0a0d6bb3124ea0c626f36ab1b88e;starter;complete
5cf3681dd1ce294f94d171f61a7ac84c;7b0a42baede5e0e202992cd3e7776f61;complete;complete
5cf3681dd1ce294f94d171f61a7ac84c;7b0a42baede5e0e202992cd3e7776f61;starter;complete
5d4bb6fba1e1ba9ed37f3b10124dec3b;fb842671fb5482a8615cbb1041bba0db;starter;complete
5d5912bea39b9098bb2f4465d7e143ed;ba298c6ae8eae40fe4d32a8474c0ee30;starter;complete
5de5a53353d13c1af579a5196a9094da;9349f9eb10901a120e92d1c392e6b01a;starter;complete
5de8f796f4a658756d109200be03b14b;e14798cd4412bf86114cdb84812b4b2a;complete;complete
5de8f796f4a658756d109200be03b14b;e14798cd4412bf86114cdb84812b4b2a;starter;complete
5df5377ab42d34b0f3ebc0f36ab9d5f7;fd8afaf075a622cf2849bf1371036587;complete;starter
5df5377ab42d34b0f3ebc0f36ab9d5f7;fd8afaf075a622cf2849bf1371036587;starter;starter
5dfbc9ecfcbb8ead77cf75695cbe8a07;315c0a52335c941fa3a2d4eb2d7e6a20;complete;complete
5dfbc9ecfcbb8ead77cf75695cbe8a07;315c0a52335c941fa3a2d4eb2d7e6a20;starter;complete
5edecbf19a6f48f8438fe7d820d60e85;f69535b3d2802314a235da627bc6e2f2;complete;quotafull
5edecbf19a6f48f8438fe7d820d60e85;f69535b3d2802314a235da627bc6e2f2;starter;quotafull
5ef0525198f2d27fbe7cf7ef8bccc6a7;44dfbf76371c2422d5354e9ba727f54a;complete;complete
5ef0525198f2d27fbe7cf7ef8bccc6a7;44dfbf76371c2422d5354e9ba727f54a;starter;complete
5f285cce4298ad833ade0ebbb3966b0e;e4aa58d4c2953bcd405f2fe6162a2913;starter;complete
5facac0ac1147095aa6cfbd25a830b14;04189e514a23bb2761c754f0794b3f4f;starter;complete
5faed715ab8b4a539ef8ce1da0b7bc59;7698addc6bf852f3affc5438906e2e7b;complete;starter
5faed715ab8b4a539ef8ce1da0b7bc59;7698addc6bf852f3affc5438906e2e7b;starter;starter
5fbb354a200e7cb66a9f50b034876825;9e699971287455df2f2664e59ec1bd49;starter;quotafull
60668283ed0fe968a7b6c86749d68c88;662b2643e3a7cec110d39a67cf38cda7;starter;starter
6178100a1be5b85bd0bce012e811a24b;2ea70a19ff43cc7cda7bc9d36d458b9b;starter;complete
61833e9ea62a716ff57e5f56d528200e;54390dca902be29e1bc12acf35fa7faf;starter;complete
618d8981aecd44fedb51424d4b945478;4e1993670475b3c6c9af11b424c6a250;starter;starter
61c2f0c4e8f1158890b8ef5ce0c934ba;7e7c2cb61ddba01f1ba976e467ccb503;starter;complete
61fac8cd77b6eb0dbb69a41c62cba722;c09b7f00026baa1ecbacc3c3c175d7c7;starter;complete
6227e5a7ef5a965b93e19a472d69d6b9;5d802a0c437a8b434906691d9f90b929;starter;complete
628761fd239d88d3dca7b061214794bf;0b6c004da1b12ac389002dd59fb5a78b;complete;starter
628761fd239d88d3dca7b061214794bf;0b6c004da1b12ac389002dd59fb5a78b;starter;starter
62daf562f28181eedaf22a5660e6c216;67e47b771bb6b92c21034e59e1f695fd;complete;complete
62daf562f28181eedaf22a5660e6c216;67e47b771bb6b92c21034e59e1f695fd;starter;complete
62ece9feba66bab3a19e2b9df47c2993;ba298c6ae8eae40fe4d32a8474c0ee30;complete;complete
62ece9feba66bab3a19e2b9df47c2993;ba298c6ae8eae40fe4d32a8474c0ee30;starter;complete
6310940a9489dc8dc4ab380f8424b72d;d3d36fbf92a46b3248728889d638438d;complete;complete
6310940a9489dc8dc4ab380f8424b72d;d3d36fbf92a46b3248728889d638438d;starter;complete
638fb0259b1568b013b2ee55446a8ab8;8d74dad48888b10c0dd3b46324ff027c;complete;complete
638fb0259b1568b013b2ee55446a8ab8;8d74dad48888b10c0dd3b46324ff027c;starter;complete
6399c0216b612af1f5c010d8b7d06901;428ef4e2c9259daacaeb880ae022a108;complete;complete
6399c0216b612af1f5c010d8b7d06901;428ef4e2c9259daacaeb880ae022a108;starter;complete
647edc207bb1da37bb723330dba5a325;a2d54d4a0c5ca37d1a2de36a3938c8f2;complete;complete
647edc207bb1da37bb723330dba5a325;a2d54d4a0c5ca37d1a2de36a3938c8f2;starter;complete
64eb2a903ffbf6ca5dc06d53f9373a7d;2762b7046f18205fd11a33278ab028e2;complete;complete
64eb2a903ffbf6ca5dc06d53f9373a7d;2762b7046f18205fd11a33278ab028e2;starter;complete
64f58230a0c6169cb0a1069bcfcc12c4;11b32e7e9d4d6952a176e8ba561c010b;starter;complete
653efe949722adb0bfc57d7828be5364;9ce1d370b3743a45b37e5742c71f4ef4;complete;complete
653efe949722adb0bfc57d7828be5364;9ce1d370b3743a45b37e5742c71f4ef4;starter;complete
655689cfeeba6c11a1895b6ef0b28f82;f5be0febe9e96bcff3a0ccb82f6ef8a2;complete;complete
655689cfeeba6c11a1895b6ef0b28f82;f5be0febe9e96bcff3a0ccb82f6ef8a2;starter;complete
65aec92afe55973d1381117af444023b;b8b6b4aa994c6980f986f543c41a9294;complete;complete
65aec92afe55973d1381117af444023b;b8b6b4aa994c6980f986f543c41a9294;starter;complete
660fdb5f4d69827d87ca71428d71719a;7dd0a9923cf88aeaa955ffff4802e097;starter;quotafull
66ae72802450c35cb4d8d9225940e2a9;011e2f92244c9b2b0b1b34a6024a256e;complete;complete
66ae72802450c35cb4d8d9225940e2a9;011e2f92244c9b2b0b1b34a6024a256e;starter;complete
66c8b26872e584fed014084837e2a3ae;9d7e4891bb9cb356746b6b411e8bc44c;complete;complete
66c8b26872e584fed014084837e2a3ae;9d7e4891bb9cb356746b6b411e8bc44c;starter;complete
66ebec2061073ca1216e23e780a94f62;0822e02ff5ec96565b32746224c7f939;starter;starter
671335a531d01e1f9586563feb960f4e;f5be0febe9e96bcff3a0ccb82f6ef8a2;starter;complete
674afe5ac78c4ccef0be14a0f2c0442e;8c5a945f651e884e604d9ed5d289c380;complete;starter
674afe5ac78c4ccef0be14a0f2c0442e;8c5a945f651e884e604d9ed5d289c380;starter;starter
674e92e1ad74d74b5eae470bd364556d;e8ffaa665d1850da092c1799afa294ff;complete;starter
674e92e1ad74d74b5eae470bd364556d;e8ffaa665d1850da092c1799afa294ff;starter;starter
6798676b2f7654703d349277df39d336;f1dc9ac9f1102b804b74350a52129286;starter;complete
67d07c467479af6b993576702e503ec7;4e1993670475b3c6c9af11b424c6a250;complete;starter
67d07c467479af6b993576702e503ec7;4e1993670475b3c6c9af11b424c6a250;starter;starter
6803ec50f8b25b278d074d87ecb5ede5;466dfbcd548f2e25e4f2159867c9cbca;complete;complete
6803ec50f8b25b278d074d87ecb5ede5;466dfbcd548f2e25e4f2159867c9cbca;starter;complete
68b7767aa534571c7924c80d99d5ace7;453cf9496cf1bbebec81dc0106310aa5;starter;starter
68c497441cae99543f78b5e9c82b433a;fa4b71afb0433b3116f55f77e91a58b6;complete;complete
68c497441cae99543f78b5e9c82b433a;fa4b71afb0433b3116f55f77e91a58b6;starter;complete
69789a6d1c06d8aa69ddedee7f3dbf05;9349f9eb10901a120e92d1c392e6b01a;complete;complete
69789a6d1c06d8aa69ddedee7f3dbf05;9349f9eb10901a120e92d1c392e6b01a;starter;complete
69c6112e600643092450a3dc0191f632;b50adb7f8d458f70c5d0439b00a673c5;starter;complete
6a5256acb0d43e99dc572c8410ee7539;2ab80e1723f4f63863db4a73d5092c86;complete;complete
6a5256acb0d43e99dc572c8410ee7539;2ab80e1723f4f63863db4a73d5092c86;starter;complete
6ae6d09c20726d2a47b8d2856b50512b;9d9c3466254492e700ffc5255bc7a23e;complete;complete
6ae6d09c20726d2a47b8d2856b50512b;9d9c3466254492e700ffc5255bc7a23e;starter;complete
6af648c8dbde42eb115c41e8ecc84a86;34fd2f414f8457c07733752dfe15183a;complete;starter
6af648c8dbde42eb115c41e8ecc84a86;34fd2f414f8457c07733752dfe15183a;starter;starter
6b47799b3427ef48d58a7b854ca41f94;3748a01168821be600af685a8f4162f9;starter;complete
6b6c070c2fa8ad6b1c169d07f5ec2d14;a48baf5ff00b0dbdbd65e8107737c04a;complete;starter
6b6c070c2fa8ad6b1c169d07f5ec2d14;a48baf5ff00b0dbdbd65e8107737c04a;starter;starter
6ba1252d1c54bf0bd3cb5d7bc6f0cbbc;c5e5ec6108b4b87d36543f3328ba44fd;complete;starter
6ba1252d1c54bf0bd3cb5d7bc6f0cbbc;c5e5ec6108b4b87d36543f3328ba44fd;starter;starter
6ba3416d6babdb1000783542fabc1c04;cdc2b22401c953185de722f3f202a705;starter;complete
6bb7770f3bb668b276ae600fe0e2dbec;5df99c81d767c10557ed9802e10df2f6;starter;complete
6bc34166bc2529d5f395f283853a4479;050cf8cad934ddc493e701faed394e39;starter;complete
6c1b3f73ad107d62703c32c37b0630f2;d4ff25477a8f903f30b290c4654c2a50;complete;starter
6c1b3f73ad107d62703c32c37b0630f2;d4ff25477a8f903f30b290c4654c2a50;starter;starter
6c224c31b66172255112f1e092eb4e1d;b0523a3a424856730107f8c14bcf9575;complete;complete
6c224c31b66172255112f1e092eb4e1d;b0523a3a424856730107f8c14bcf9575;starter;complete
6c7b67e7c0d6ba7554f71a6758e381a3;122f9baf45ed4adcdab77dd8773eb9fa;starter;starter
6c88d0305e795adcb215d1e14648621d;064d61939bd10017290408e5b9cdf7c8;starter;complete
6c9521021374a7df0c93199061121638;0c3d9f0e3087bbd6c10e33e7e8c61566;starter;complete
6ca87d48f0568bfb526ae24357cc2cfd;dfb8cf7a07fcfef87111fe97e6537b55;complete;complete
6ca87d48f0568bfb526ae24357cc2cfd;dfb8cf7a07fcfef87111fe97e6537b55;starter;complete
6cc314455ad9e0b89c4f1f781903ebd0;33ca163340f3fc9e998695935f79e09a;complete;complete
6cc314455ad9e0b89c4f1f781903ebd0;33ca163340f3fc9e998695935f79e09a;starter;complete
6d219a16ae66a844e3871cda2dadd671;122f9baf45ed4adcdab77dd8773eb9fa;complete;starter
6d219a16ae66a844e3871cda2dadd671;122f9baf45ed4adcdab77dd8773eb9fa;starter;starter
6df8127677e1310f54b46fce7ecbe7c0;87b0356a7bf91ad2e2ec23befd0ed29d;complete;complete
6df8127677e1310f54b46fce7ecbe7c0;87b0356a7bf91ad2e2ec23befd0ed29d;starter;complete
6e362b04bef7d5f015ee203452981c53;b8e9087a55519124efbfb7763e3f3bde;starter;complete
6eae5c69a6309508aba04e453830f940;f9b110f76c6a146114ab7ebc3cd52a20;complete;complete
6eae5c69a6309508aba04e453830f940;f9b110f76c6a146114ab7ebc3cd52a20;starter;complete
6ee6d10a2bd24e0825205657388c005c;0d206f65903c78cc3a43fb762b3f2d55;starter;starter
6f97028732aa2b76546bc5d92a1cdc40;04189e514a23bb2761c754f0794b3f4f;complete;complete
6f97028732aa2b76546bc5d92a1cdc40;04189e514a23bb2761c754f0794b3f4f;starter;complete
7004dce057e63913a26130adef5b981b;bcd3ce7c45208804d0e4a7296bacaa06;starter;complete
703e64900e76bb45815624db40f848f0;0a0c4eba5f4675804532300822e9aaf5;starter;complete
7072362b4d078f6b7902f05ceb66f255;20cc55f415953d8a60050e8d6eba9e39;complete;complete
7072362b4d078f6b7902f05ceb66f255;20cc55f415953d8a60050e8d6eba9e39;starter;complete
714cd94e019811b6480ec3d986ffa933;ffca6057d0dc76c9371303686c469b8f;complete;complete
714cd94e019811b6480ec3d986ffa933;ffca6057d0dc76c9371303686c469b8f;starter;complete
714ec052693c1b81e1f6f3de8a24bff7;9f1976eabafdf8eec1db4ee3f139abea;starter;starter
71eba1f06a21420d71ff2afff183c352;7025d33d207bba9b763cb10ca3477716;complete;complete
71eba1f06a21420d71ff2afff183c352;7025d33d207bba9b763cb10ca3477716;starter;complete
71fa1438642c8c238d53d5082e8699e7;3a5c14088f2686a80623ab149896538c;complete;quotafull
71fa1438642c8c238d53d5082e8699e7;3a5c14088f2686a80623ab149896538c;starter;quotafull
7216c1ad1c624643ef2d795e736ff29c;0a3e5791f354df5bb4cfc493fabd66ea;starter;starter
7221636b4207a14d9d679bdac7f9816e;425bcdae3d3ef91550b77ca11e270839;complete;starter
7221636b4207a14d9d679bdac7f9816e;425bcdae3d3ef91550b77ca11e270839;starter;starter
722a82b9464717c5df68ccac3e978827;ba5bec426ae9e45e292f73bfae196287;complete;complete
722a82b9464717c5df68ccac3e978827;ba5bec426ae9e45e292f73bfae196287;starter;complete
7244cb36118ccf3a56f903e046b1d4cc;f0cb06e6f07914631e6a4ab03f068628;complete;complete
7244cb36118ccf3a56f903e046b1d4cc;f0cb06e6f07914631e6a4ab03f068628;starter;complete
726277c2fa55e5512fb23b17b24177a8;5f62a2865cf9753e52e2c0b5970d1c04;starter;complete
7325d032480eb1ce14f871227191cf31;7b806f29399f09d4dd099825e80c9ad0;complete;starter
7325d032480eb1ce14f871227191cf31;7b806f29399f09d4dd099825e80c9ad0;starter;starter
735e9e350ed0e74505f44224c2d571d1;2762b7046f18205fd11a33278ab028e2;starter;complete
738352b1833f3194fafcf586c85bb453;f97ce02db73808f6313d1d09c900c687;starter;complete
758d97214c1c2bedf654dbbe552ad1fe;faea5e67289d065352b34ccccf82f615;starter;complete
759b40d58bb30f1edb78bbf5f794e120;88b7aa35f148533cfb17d5ee9118109c;complete;complete
759b40d58bb30f1edb78bbf5f794e120;88b7aa35f148533cfb17d5ee9118109c;starter;complete
75a9b23e0447501585221668625f140b;c5ac73ff0e2ed88c227f6b812fce33bb;starter;complete
77a0dbe894a832872a2ddcbac8efc022;d2ebf3e5fc3d37798bf8c2d568afbb44;complete;complete
77a0dbe894a832872a2ddcbac8efc022;d2ebf3e5fc3d37798bf8c2d568afbb44;starter;complete
77adc2ef04093a1e886293e6c6977975;51b8e839e79400bb8df572ec997ce03d;starter;complete
77c3fa9eac387a7a9fe6c09e67dcb6bc;158150a5eb4d4330f5910bd71beb8fd7;starter;complete
789cda33f48113b02231e1ea6fe2835d;559f58be93ada2f4dd4b9c688df84514;complete;complete
789cda33f48113b02231e1ea6fe2835d;559f58be93ada2f4dd4b9c688df84514;starter;complete
789fb2ce5974304b76f47bc1b49e2684;92cd44f51e39dac29c3a67d1f6dc9132;complete;complete
789fb2ce5974304b76f47bc1b49e2684;92cd44f51e39dac29c3a67d1f6dc9132;starter;complete
78b14e2ffe985139b83e46af01aa4d8c;7139a0b422dae8eede253fa91d0c9949;starter;complete
78bbcc96156ca0bb4b59ef334554f374;4a84ee8173f6d882d2542b60506a852e;starter;starter
78e2587b764b7586e74eadeedf8655dd;696d88463cc93e473421a83476dbc3b9;complete;starter
78e2587b764b7586e74eadeedf8655dd;696d88463cc93e473421a83476dbc3b9;starter;starter
796024fa65f63de719d05e2926ce58fc;3403d127ba6300b6551f4bdc8cbf4130;starter;complete
79a6c820764d6f887def33b5d1edab81;4d9776ad5a70cb4b4f791c3b1b184c39;complete;complete
79a6c820764d6f887def33b5d1edab81;4d9776ad5a70cb4b4f791c3b1b184c39;starter;complete
79b5ea9d3a627cfc456baf5c4d95db6f;b66d4b631a31ba2386203679507f58c3;starter;complete
79e97baba81eafb1dc3fe415927fa88f;f4420c141043c65905b2cb77dac04d55;starter;complete
7a2a884dc7d9621210fb5db8f3e977f8;f60b9cbeb69415803c1b5b379da9a65b;complete;complete
7a2a884dc7d9621210fb5db8f3e977f8;f60b9cbeb69415803c1b5b379da9a65b;starter;complete
7ab4e14300a5260f4a06616847e62eb8;9ce1d370b3743a45b37e5742c71f4ef4;starter;complete
7b0ccd38a533fd4e7f2a27242b8a7005;c6caa694479cd1fedf8dc601a13be3ca;complete;starter
7b0ccd38a533fd4e7f2a27242b8a7005;c6caa694479cd1fedf8dc601a13be3ca;starter;starter
7b14e8c9cb1d2d8a3ee4786f30ce66ab;9796fddd72b0333b5551d56430424f10;starter;starter
7c1beb36e6bc75321b1a86016c22a04f;fadd2fe6bed0e43f7638e7570eddf34d;complete;complete
7c1beb36e6bc75321b1a86016c22a04f;fadd2fe6bed0e43f7638e7570eddf34d;starter;complete
7c46f073c8e3abbb78e46ac313e69882;54bfa7fd7d6e249e9b82670b88369843;complete;complete
7c46f073c8e3abbb78e46ac313e69882;54bfa7fd7d6e249e9b82670b88369843;starter;complete
7c5cbee7c92ba5ef3a6b3cc4dbffa03b;cdc2b22401c953185de722f3f202a705;complete;complete
7c5cbee7c92ba5ef3a6b3cc4dbffa03b;cdc2b22401c953185de722f3f202a705;starter;complete
7d02ab08b3afa0ea82184674d168b099;e0de677d9b55cc847fe9476a8d414438;complete;complete
7d02ab08b3afa0ea82184674d168b099;e0de677d9b55cc847fe9476a8d414438;starter;complete
7d17d1e26d87ca2b0175e8f8a7112da8;701bda2ec64f9b9dfc14ba717d9e92ca;complete;complete
7d17d1e26d87ca2b0175e8f8a7112da8;701bda2ec64f9b9dfc14ba717d9e92ca;starter;complete
7d7c3ddfffd0865e2a2bcbf67c45a871;09f33df6ec245754b6225189445ee2df;complete;complete
7d7c3ddfffd0865e2a2bcbf67c45a871;09f33df6ec245754b6225189445ee2df;starter;complete
7da2d1a1db67895147d0e8bb77984200;6dd58a770db8c548601a5e6ef1a1a0e0;starter;starter
7def93fdb1ed3117e37f05285a31f4f2;aa738ae1503bebda0b80fffc234896bd;complete;complete
7def93fdb1ed3117e37f05285a31f4f2;aa738ae1503bebda0b80fffc234896bd;starter;complete
7e4f2bce22cb5c98208e09d0b064663c;e9d031f78a8f977cc0392f9eff7848df;complete;complete
7e4f2bce22cb5c98208e09d0b064663c;e9d031f78a8f977cc0392f9eff7848df;starter;complete
7eba94872502eaeb41c5205932e178b3;0b28f7266f8780d5b5ddeeae18162d70;starter;complete
7ee3cd75918187f420eb868c15c2c7ab;50ce79cc76f120cc50501d21f1c6577a;complete;starter
7ee3cd75918187f420eb868c15c2c7ab;50ce79cc76f120cc50501d21f1c6577a;starter;starter
7f6bf86b1e8bcdda167222dd26a8506a;a646c40b0521430ec0ce50edaf83a43c;complete;complete
7f6bf86b1e8bcdda167222dd26a8506a;a646c40b0521430ec0ce50edaf83a43c;starter;complete
7f7020940ccec2a0e22686e91c4ac5c4;95fbd0933ae58a48fcf3dbfcaa54808b;complete;complete
7f7020940ccec2a0e22686e91c4ac5c4;95fbd0933ae58a48fcf3dbfcaa54808b;starter;complete
7fbfc6ef7699c4c4c7016d532b997aef;0d206f65903c78cc3a43fb762b3f2d55;starter;starter
7feccfcb7adf8fdc2c2ab47836748a7d;0e925e5caa1993ceef728dae29206e68;complete;complete
7feccfcb7adf8fdc2c2ab47836748a7d;0e925e5caa1993ceef728dae29206e68;starter;complete
7ffdde304941c89749bf3b796bffb9b6;95c42ecfe379b9ffc7d8e4b240a59e86;complete;complete
7ffdde304941c89749bf3b796bffb9b6;95c42ecfe379b9ffc7d8e4b240a59e86;starter;complete
80c4143810989946882d6b02c227709c;cf4fe40dd354547d5c61e14c7f29aae7;complete;starter
80c4143810989946882d6b02c227709c;cf4fe40dd354547d5c61e14c7f29aae7;starter;starter
80ce144c424b24252c8e1b226588da4b;ee20f0f96c2cf5f9a283889a2b18791f;starter;complete
8118b259334dd784a7b1a2cfc5539370;ffca6057d0dc76c9371303686c469b8f;starter;complete
816350b4a0ed3be585584c36321c4253;cb399d352ce1ec2be7cd44cd62da5547;starter;complete
82119f8ac9c26f19ffa607e391407238;5ed95efd38dde059c761c16573bca14b;starter;complete
822d9bd0bf5cc39615d3d0049c021477;cb399d352ce1ec2be7cd44cd62da5547;complete;complete
822d9bd0bf5cc39615d3d0049c021477;cb399d352ce1ec2be7cd44cd62da5547;starter;complete
829137ad81b135b09a3d4267be498f6f;9ad277b403f0cab35eeb01592a6e63ea;starter;complete
83254870949502a37a94e833c7ef8367;33ca163340f3fc9e998695935f79e09a;starter;complete
834543a75fb78df2891e1ca0cd4b61ec;1d83870a8c4abdcfcf12509d262d8c91;complete;complete
834543a75fb78df2891e1ca0cd4b61ec;1d83870a8c4abdcfcf12509d262d8c91;starter;complete
83889f250b33f00a73375585edb0f1bb;25f5b8bf7bc57a70105788c726f627c8;complete;complete
83889f250b33f00a73375585edb0f1bb;25f5b8bf7bc57a70105788c726f627c8;starter;complete
83f1ce22d757e8d4cb21d82e38be3acf;158150a5eb4d4330f5910bd71beb8fd7;complete;complete
83f1ce22d757e8d4cb21d82e38be3acf;158150a5eb4d4330f5910bd71beb8fd7;starter;complete
8403927872fd2e8bbd2d6a856a91e5ed;494a4e260e28aeb10f05650d10032145;complete;complete
8403927872fd2e8bbd2d6a856a91e5ed;494a4e260e28aeb10f05650d10032145;starter;complete
8436cb8718993c6e5bed3d6171dc5148;fa4b71afb0433b3116f55f77e91a58b6;starter;complete
843b52986239666bb382b230989d9aec;94b43d99038a8831126e8deed76cb102;complete;complete
843b52986239666bb382b230989d9aec;94b43d99038a8831126e8deed76cb102;starter;complete
84fa4c2913549e24f459f79da4d478cc;70a87d2a68ecb4f59e842c5926d5ed4f;complete;starter
84fa4c2913549e24f459f79da4d478cc;70a87d2a68ecb4f59e842c5926d5ed4f;starter;starter
85bbda186dab0c431f4823f0326f9fca;94b43d99038a8831126e8deed76cb102;starter;complete
877faf53ce36a22426193107f030c139;60b91795cbe24d5f0f78b0260c284565;starter;quotafull
87b535078f5785befdb833a95a1f6feb;bfebe0125949aee92880e86d2915ddee;starter;complete
87f1a729c8f4588be8b41af0fe0d55c0;4a84ee8173f6d882d2542b60506a852e;complete;starter
87f1a729c8f4588be8b41af0fe0d55c0;4a84ee8173f6d882d2542b60506a852e;starter;starter
88c950560a8f8577c39c326ec74cb26a;9d6d5893b56c630373dbe9032115638a;complete;complete
88c950560a8f8577c39c326ec74cb26a;9d6d5893b56c630373dbe9032115638a;starter;complete
88e57d94e835a937a9ef0ef1707daaf1;9859f2cedd7f6590cad1028d60bdde2b;complete;starter
88e57d94e835a937a9ef0ef1707daaf1;9859f2cedd7f6590cad1028d60bdde2b;starter;starter
8917523be0f668d58d7afda50ec3343e;833e71b1d892bab6ccab57d1c5ae6004;complete;complete
8917523be0f668d58d7afda50ec3343e;833e71b1d892bab6ccab57d1c5ae6004;starter;complete
893aacabe030392c25b26c941240e30d;e6ae515b9ccc5626ad3c04fd8cbe15f2;complete;complete
893aacabe030392c25b26c941240e30d;e6ae515b9ccc5626ad3c04fd8cbe15f2;starter;complete
8a7ad3483a0d2415228d9ad3a2e71660;599477b06a0f0013ac8ba65094c7db7a;starter;complete
8a9457c9644ba713bd003ca21e4b6f3a;bdbe994e4dc97483c83b01ac5e14d663;complete;complete
8a9457c9644ba713bd003ca21e4b6f3a;bdbe994e4dc97483c83b01ac5e14d663;starter;complete
8a9832daed05fd93692a568c8ab545a4;0be4bcb346b4150094b9175877cd8a39;complete;complete
8a9832daed05fd93692a568c8ab545a4;0be4bcb346b4150094b9175877cd8a39;starter;complete
8a9abfc73e9b6cc8cc1ca06001a2cfb3;2a2477f05b42283f3a54b934b8d2710d;starter;complete
8b2982fe1ef063fbe66269def0835135;52f9f6e64b7c9dcb57494838b25d93f9;starter;starter
8b47910d8b1b50777a0f25ba39d1fd5f;37e55c16e29530717c2a79ad8f8e032c;complete;complete
8b47910d8b1b50777a0f25ba39d1fd5f;37e55c16e29530717c2a79ad8f8e032c;starter;complete
8b7a55e02f06594acd5bb4836d34cf6d;bd13057667247dace48ba17e39f7a0fd;complete;complete
8b7a55e02f06594acd5bb4836d34cf6d;bd13057667247dace48ba17e39f7a0fd;starter;complete
8bac1ca505d44cb87b8f23d75db1f045;8fbe7354cb8e8567fd44419d0fcfc832;complete;complete
8bac1ca505d44cb87b8f23d75db1f045;8fbe7354cb8e8567fd44419d0fcfc832;starter;complete
8bb79b189b9728cf245547f0a8cb6b7e;ec27d31b2987718ad662f07c7eb10e10;complete;complete
8bb79b189b9728cf245547f0a8cb6b7e;ec27d31b2987718ad662f07c7eb10e10;starter;complete
8c8608ccc1b60d6e08b954b21f5971e1;a30a857137f5cbfc476ce99346d34950;starter;quotafull
8cfd84c1891f1f8d8fba32cb6dddd973;51b8e839e79400bb8df572ec997ce03d;complete;complete
8cfd84c1891f1f8d8fba32cb6dddd973;51b8e839e79400bb8df572ec997ce03d;starter;complete
8d3c04c32abdc928eb6dc8d59ac68a97;b38424cec2ad6971a7acadffe01f3cd8;complete;complete
8d3c04c32abdc928eb6dc8d59ac68a97;b38424cec2ad6971a7acadffe01f3cd8;starter;complete
8d3e72163cbabcc0e6da1e24b63d149f;135d3070a76f98d775f9d900d4178575;complete;complete
8d3e72163cbabcc0e6da1e24b63d149f;135d3070a76f98d775f9d900d4178575;starter;complete
8d5fa29fe8c72f29836cd8d088ca55c8;9796fddd72b0333b5551d56430424f10;complete;starter
8d5fa29fe8c72f29836cd8d088ca55c8;9796fddd72b0333b5551d56430424f10;starter;starter
8e0e7b91ff313c9ebcc642ca0326f105;9d77b8d6bd3f71578e015a16073c7c94;complete;starter
8e0e7b91ff313c9ebcc642ca0326f105;9d77b8d6bd3f71578e015a16073c7c94;starter;starter
8e19e6c26d17c5c3ababd12e22b2b0ef;ed94c4e4fcee58caefeb1c0174f845c0;starter;quotafull
8e6a6d5eb927f94d6e0f16cba124b696;756c913381e5fd1cf58c891e761028cf;complete;complete
8e6a6d5eb927f94d6e0f16cba124b696;756c913381e5fd1cf58c891e761028cf;starter;complete
8ea0c820b2a9fe4373e7212d2eb78a5b;cde5fa53b40f703dc70b0dd7b1c9893c;complete;complete
8ea0c820b2a9fe4373e7212d2eb78a5b;cde5fa53b40f703dc70b0dd7b1c9893c;starter;complete
8f4135461c672df1bc594c8818ed2d48;a9accdfee1f2953c4b34d4c54efc21e2;complete;complete
8f4135461c672df1bc594c8818ed2d48;a9accdfee1f2953c4b34d4c54efc21e2;starter;complete
8fca54230a0ecf673780132cea7278a3;b69498bbe2c3f142fa7591d5f927ed14;complete;complete
8fca54230a0ecf673780132cea7278a3;b69498bbe2c3f142fa7591d5f927ed14;starter;complete
90504081eb1ac2bf8761805ea2511948;e4aa58d4c2953bcd405f2fe6162a2913;complete;complete
90504081eb1ac2bf8761805ea2511948;e4aa58d4c2953bcd405f2fe6162a2913;starter;complete
9076d00480a7e59276d7e6cf14e52c8c;8e80af93733288d0d86c3acd8238848c;starter;complete
909b202bb02d4e96e375efc8342074eb;2331a5742b138d26d6a11b5f2c266d77;starter;complete
90f7d3ce4a6d0575edb7e4a4f0a426d2;89fd7035c769d2e328ce810edaba6253;starter;complete
9128274a0393caf298b7feb86a374993;9c6b314ae70d8296c94de08aab5a26e6;complete;complete
9128274a0393caf298b7feb86a374993;9c6b314ae70d8296c94de08aab5a26e6;starter;complete
914de7c3bf92a212caac3b063c332690;dde1fee83e6b5a2698f04676b3a1e352;starter;starter
91a30cfbc81fe17896607bfa69fbf21a;78cdd6317764747335a420219561393d;complete;complete
91a30cfbc81fe17896607bfa69fbf21a;78cdd6317764747335a420219561393d;starter;complete
91c4d26f0f8d642c5544cc5a2936d3cf;378a4d80e040b887de77c0629d701f51;starter;complete
920afd78b8f612010598a43351821c3e;a2d54d4a0c5ca37d1a2de36a3938c8f2;starter;complete
9244f8b3a311982f25b35c4ceaef5c3e;5c198cc74c74b828917d68e849a0e3e8;starter;starter
926e68123b4dae7a1c5037ae0786429e;d14350e82a41a24155d557a20c27db13;complete;complete
926e68123b4dae7a1c5037ae0786429e;d14350e82a41a24155d557a20c27db13;starter;complete
927d74684c19e838e51f29d820c382c3;5d802a0c437a8b434906691d9f90b929;starter;complete
9294a3bd0e5c3f31e35f03d44b2d58cf;7dd0a9923cf88aeaa955ffff4802e097;complete;quotafull
9294a3bd0e5c3f31e35f03d44b2d58cf;7dd0a9923cf88aeaa955ffff4802e097;starter;quotafull
939619ad1928f345d9568a1b4059f3d3;b66d4b631a31ba2386203679507f58c3;complete;complete
939619ad1928f345d9568a1b4059f3d3;b66d4b631a31ba2386203679507f58c3;starter;complete
93ba18927fe9cfff8ca8d08954bbabe2;03fe6a5e585f81700c5798c2b9a94030;complete;complete
93ba18927fe9cfff8ca8d08954bbabe2;03fe6a5e585f81700c5798c2b9a94030;starter;complete
93f6ff0bf71fe76563cd42dab2c16d2d;244557bf331bd3989e7347bcdcfa30e5;complete;starter
93f6ff0bf71fe76563cd42dab2c16d2d;244557bf331bd3989e7347bcdcfa30e5;starter;starter
940214451e43b05928296821bfc261d5;542095fdffb72a8cdddde71e2f2055f5;starter;complete
940c98f5cb871f93d4bd905335e111fb;e83d835ecdcb529efcb2aa92ce27a3e2;starter;complete
94c497444ab9c2aac450570c82239f47;48401151f9697270c02b574465550bd2;complete;quotafull
94c497444ab9c2aac450570c82239f47;48401151f9697270c02b574465550bd2;starter;quotafull
9560e71d90f9ff1fc9f9157fdf8393bb;f2ba1741ccff4a907f8e7013087605e6;complete;starter
9560e71d90f9ff1fc9f9157fdf8393bb;f2ba1741ccff4a907f8e7013087605e6;starter;starter
9584aaa331664951bbd8032e5b6f03a2;b7af6363e417c9ff3ea26dc7ace46b69;complete;quotafull
9584aaa331664951bbd8032e5b6f03a2;b7af6363e417c9ff3ea26dc7ace46b69;starter;quotafull
96188d9a623d60493d57c9a455181a9e;b8b6b4aa994c6980f986f543c41a9294;starter;complete
96226ed68ce34406fa4245fedfa0d529;7686e00a39d8bb1aa0b878251cceb9c3;starter;complete
963388e87c572af125e749e8da3b7125;3c9aedf632ad5e52ee141ac294b6db86;starter;starter
963ace32d22170ce66166dc970801271;21b96ce91ff11046c79dbda878b92a35;starter;starter
964f85cec75251f12fa15c08fd4d3469;f0cb06e6f07914631e6a4ab03f068628;starter;complete
96797033e8163ec3bc84dd029170953c;b3a3824c035acf86a72c19f0ee37cb02;starter;complete
96d102467271ffd0d6376167c271da96;850881aa22415ebf4d9768e7e2ec6e98;starter;complete
9723ee673e4b45ddf59deea716ba75eb;9f1976eabafdf8eec1db4ee3f139abea;starter;starter
977d81684552fd36b14c1e891530fd57;5ba7e18854b267d8ca2433b386fc0888;starter;quotafull
98b9205697f1ba42bb12de5aaae29647;f12b9dd3800d70278636d109d438ff0d;complete;starter
98b9205697f1ba42bb12de5aaae29647;f12b9dd3800d70278636d109d438ff0d;starter;starter
98c02b0fab4ee615addadc377564a428;b38424cec2ad6971a7acadffe01f3cd8;starter;complete
98c7e60f3a070a7cf14444f6c35d796a;5df99c81d767c10557ed9802e10df2f6;complete;complete
98c7e60f3a070a7cf14444f6c35d796a;5df99c81d767c10557ed9802e10df2f6;starter;complete
9954dfe7e27c91d4ca576424d0f2a5a5;2331a5742b138d26d6a11b5f2c266d77;starter;complete
99796df74c74ed84508ef369ca3a0252;220cdd111a0b5c25076a174a9a39dd91;complete;starter
99796df74c74ed84508ef369ca3a0252;220cdd111a0b5c25076a174a9a39dd91;starter;starter
99911264f6c4fa162ee96d26eb1f56dc;d31bd3f0e700792deeba552ca215c16c;starter;complete
999df54f136f474374d646d9a0f3a738;34bd9040503466d8d1a896cf63edf0e3;complete;starter
999df54f136f474374d646d9a0f3a738;34bd9040503466d8d1a896cf63edf0e3;starter;starter
99ca694569b1f7967ad129ef922caaa3;33dfcedef60f8c0710a235211204dc65;starter;complete
9a509606c48be2330eea70131c7e49a9;53e018e9e922ca467cb330580589f458;complete;complete
9a509606c48be2330eea70131c7e49a9;53e018e9e922ca467cb330580589f458;starter;complete
9afb92632a59acb5ea972eb736bac9f5;c3f23fe2e9165146a577335d2f8c3568;complete;starter
9afb92632a59acb5ea972eb736bac9f5;c3f23fe2e9165146a577335d2f8c3568;starter;starter
9b6fe0827438ecb3e3d7fca733a620bb;9c646a402946182f3fbbce03cabedb81;complete;complete
9b6fe0827438ecb3e3d7fca733a620bb;9c646a402946182f3fbbce03cabedb81;starter;complete
9bf22ad2e891660850e4dffdda038ccb;08c6dc040b075fbc6843133973acb9fe;starter;starter
9d05bd81deace9bbbc779f9408876b58;9fbccaa0f9ff33ab88e412782055275f;complete;complete
9d05bd81deace9bbbc779f9408876b58;9fbccaa0f9ff33ab88e412782055275f;starter;complete
9d1912d19eec17bb19b11f96e6356a70;9f1976eabafdf8eec1db4ee3f139abea;starter;starter
9d8fe0ec0b475ae065a952185f90eb65;dff74c8504d931186e9cf977a3792e6b;complete;complete
9d8fe0ec0b475ae065a952185f90eb65;dff74c8504d931186e9cf977a3792e6b;starter;complete
9e01c3530e28d8c17a8d36469d83ff17;d2ebf3e5fc3d37798bf8c2d568afbb44;starter;complete
9e54e4295fd5e33a58cfb2899cbd9349;5ba7e18854b267d8ca2433b386fc0888;complete;quotafull
9e54e4295fd5e33a58cfb2899cbd9349;5ba7e18854b267d8ca2433b386fc0888;starter;quotafull
9ea3305b86d9f2c16a3dc276faa4c51c;9777e8bf5d2eaaa55866ee0a63f04a03;starter;starter
9f16420bee807ab7e0b2b807385d4c54;4906ac70df3b7c695711e6f1b55af01e;starter;complete
9f48fca83a2d76d0ac69dde4123f5138;a732c73cc8b37c5d2c0ee75cc0589666;complete;starter
9f48fca83a2d76d0ac69dde4123f5138;a732c73cc8b37c5d2c0ee75cc0589666;starter;starter
9fdd76d975eed6738d4e8eeebaef89ef;c6e069362fa5c53b9a580a345ac83ea0;complete;complete
9fdd76d975eed6738d4e8eeebaef89ef;c6e069362fa5c53b9a580a345ac83ea0;starter;complete
a05a7216ce675eca7a7ff74a1d7eb62f;261b7fa71998849404bd90f44e0a72a5;starter;complete
a0677fb4e47005291c531007bd885f00;b7380c5a29c15cd65d9728b5d4c53ec3;starter;starter
a0887b6ab088429194fba58773289fa6;7798e44b6800af6eed33eab30b58271b;complete;complete
a0887b6ab088429194fba58773289fa6;7798e44b6800af6eed33eab30b58271b;starter;complete
a0ac9e952701a593c180c939f6f18217;0c3d9f0e3087bbd6c10e33e7e8c61566;starter;complete
a0c6269bb9cb825b91ee9bd64528fc11;2b57b60eb32b7d94f6df3e436ad3c300;starter;complete
a0fa98307caba60f522324458ccbf036;bdc5d905a9473e60748c17cc753b1dff;complete;complete
a0fa98307caba60f522324458ccbf036;bdc5d905a9473e60748c17cc753b1dff;starter;complete
a11e7558938e9ba9d0ee31b8129e170a;662b2643e3a7cec110d39a67cf38cda7;complete;starter
a11e7558938e9ba9d0ee31b8129e170a;662b2643e3a7cec110d39a67cf38cda7;starter;starter
a1773a5620e0f222f31dec4dc408af67;96c39a7eb5a45ef53ccdf20a430d33b6;complete;complete
a1773a5620e0f222f31dec4dc408af67;96c39a7eb5a45ef53ccdf20a430d33b6;starter;complete
a1a494daa7a7673927355a56c53920a4;e83d835ecdcb529efcb2aa92ce27a3e2;complete;complete
a1a494daa7a7673927355a56c53920a4;e83d835ecdcb529efcb2aa92ce27a3e2;starter;complete
a1ce4920500b0ae8d3d923e27fb3f720;0c3d9f0e3087bbd6c10e33e7e8c61566;complete;complete
a1ce4920500b0ae8d3d923e27fb3f720;0c3d9f0e3087bbd6c10e33e7e8c61566;starter;complete
a1da5477f1baa65a2e5c4ff82efa82f7;599477b06a0f0013ac8ba65094c7db7a;complete;complete
a1da5477f1baa65a2e5c4ff82efa82f7;599477b06a0f0013ac8ba65094c7db7a;starter;complete
a21df780d7116d4bb9dcd18ef5e86f5c;b78e57140a2eccdacb8b8821f54d12e7;starter;complete
a2388bb2f47c65bed30fd2c47e894f80;0d206f65903c78cc3a43fb762b3f2d55;starter;starter
a2b5b67821857c815e5d56b4c9d79246;eb7f0b44d3804b75d6cec9145c9378da;starter;complete
a2cd5fb92c9b180aa21e7c069107fbcf;eb7f0b44d3804b75d6cec9145c9378da;complete;complete
a2cd5fb92c9b180aa21e7c069107fbcf;eb7f0b44d3804b75d6cec9145c9378da;starter;complete
a2f594d01e609dd286dd6af01523bc11;2ff7a914dfec9123bd321da4932a4e20;complete;starter
a2f594d01e609dd286dd6af01523bc11;2ff7a914dfec9123bd321da4932a4e20;starter;starter
a31ea7d0db2519a427880f3e9142704e;e3828214d37a1ea3dc23c13d924855f8;complete;complete
a31ea7d0db2519a427880f3e9142704e;e3828214d37a1ea3dc23c13d924855f8;starter;complete
a3bcfad8ed6a6a6bd67912dd48020cc2;a732c73cc8b37c5d2c0ee75cc0589666;starter;starter
a3e022a1758a605b09af2b57eccea730;fb842671fb5482a8615cbb1041bba0db;complete;complete
a3e022a1758a605b09af2b57eccea730;fb842671fb5482a8615cbb1041bba0db;starter;complete
a3edc508cf7630f0fd995b879d790329;3e251c178cca04463a76dd437b457a03;starter;complete
a3f998ac720a5687331725362c81e4e1;72189941a384cc39f08c9cb0303a95f0;complete;complete
a3f998ac720a5687331725362c81e4e1;72189941a384cc39f08c9cb0303a95f0;starter;complete
a441c055da6fe3b9fe9ca27632ef191c;f381c13d21e71c9475a36c810245755a;complete;complete
a441c055da6fe3b9fe9ca27632ef191c;f381c13d21e71c9475a36c810245755a;starter;complete
a47a73ac589d78ea3bdaa94862a12092;5ba7e18854b267d8ca2433b386fc0888;starter;quotafull
a4ba4dba0aac0cf637edfb0036eddd7d;f1dc9ac9f1102b804b74350a52129286;starter;complete
a6c7bd073ceaa1e68b8d21aefe67116e;629ba8c375dc6e9643994c5b04acd420;complete;complete
a6c7bd073ceaa1e68b8d21aefe67116e;629ba8c375dc6e9643994c5b04acd420;starter;complete
a6d689e0d97576ef9d63cd404bca4a02;46616184cf4ab29e9b5c0e70ae2c19be;complete;complete
a6d689e0d97576ef9d63cd404bca4a02;46616184cf4ab29e9b5c0e70ae2c19be;starter;complete
a73412863c94b2e1575e126f2d325e46;5c198cc74c74b828917d68e849a0e3e8;starter;starter
a74492862ed4a7fbe1e70fb626a2cd1e;0682838cb44e8d4f7d5ebe04f51b40af;complete;complete
a74492862ed4a7fbe1e70fb626a2cd1e;0682838cb44e8d4f7d5ebe04f51b40af;starter;complete
a754d4220832c18876842c63b5f24f77;70d17aaf00fbae591abfae300560698a;complete;complete
a754d4220832c18876842c63b5f24f77;70d17aaf00fbae591abfae300560698a;starter;complete
a7c745e3d922a6204b4e6a5d38a8126d;060107e2d678f84dad403994f204970e;complete;complete
a7c745e3d922a6204b4e6a5d38a8126d;060107e2d678f84dad403994f204970e;starter;complete
a802b0da50dfcf1ffd66eeb6dd2abfa9;c3258c17747b5f00365d41b93bf6ecb6;complete;complete
a802b0da50dfcf1ffd66eeb6dd2abfa9;c3258c17747b5f00365d41b93bf6ecb6;starter;complete
a84724aba4777944eec007a709296f07;faea5e67289d065352b34ccccf82f615;complete;complete
a84724aba4777944eec007a709296f07;faea5e67289d065352b34ccccf82f615;starter;complete
a8568b04f3012118b78256147b4fc84a;769bc168a2271f8be9a93faf0cc59f76;starter;complete
a8b0aecd7ca4d6d3547ccba41391075d;b7380c5a29c15cd65d9728b5d4c53ec3;complete;starter
a8b0aecd7ca4d6d3547ccba41391075d;b7380c5a29c15cd65d9728b5d4c53ec3;starter;starter
a8e6af49ed16d089dc5c880c14dc2b51;48e9b44ba4ab55c6d31751967943e1d3;complete;complete
a8e6af49ed16d089dc5c880c14dc2b51;48e9b44ba4ab55c6d31751967943e1d3;starter;complete
a8f2681ff6519937276f2b7e611aef7b;49baa20dce6726ed23660a6e7b7e3850;complete;complete
a8f2681ff6519937276f2b7e611aef7b;49baa20dce6726ed23660a6e7b7e3850;starter;complete
a9cade27d5562dbfc962a6187437279c;fadd2fe6bed0e43f7638e7570eddf34d;starter;complete
a9ff12c4bce879ab2d678ef40115e6ce;f2d5de51f4b4206202b7ad2d23174867;starter;complete
ab235297dcd900754e8939a7efdc51fa;6dd58a770db8c548601a5e6ef1a1a0e0;complete;starter
ab235297dcd900754e8939a7efdc51fa;6dd58a770db8c548601a5e6ef1a1a0e0;starter;starter
ab2e5d2e8d9f35e8552bef06270db813;ad9b512d409002ec75e71a8b04645299;complete;complete
ab2e5d2e8d9f35e8552bef06270db813;ad9b512d409002ec75e71a8b04645299;starter;complete
ab5d3d8ad8b5351a34f6b80a6d2ae06c;c0fd7c0a99c1cb3aad8060ddd44aa902;complete;complete
ab5d3d8ad8b5351a34f6b80a6d2ae06c;c0fd7c0a99c1cb3aad8060ddd44aa902;starter;complete
ab9356f861d19c5931e2d4f48f39fe14;64c76040974c85170f98e765dd209559;complete;starter
ab9356f861d19c5931e2d4f48f39fe14;64c76040974c85170f98e765dd209559;starter;starter
abbeef52a7c9da865e025038d83c0899;190df1718670e9fea246218771e92d64;complete;complete
abbeef52a7c9da865e025038d83c0899;190df1718670e9fea246218771e92d64;starter;complete
abd12c6709a7488ca3c97257ef829620;fecfeb3465f1872f4cd8a69f0527402f;complete;complete
abd12c6709a7488ca3c97257ef829620;fecfeb3465f1872f4cd8a69f0527402f;starter;complete
ac0d6fa4f838cab61bf564344784543c;60b91795cbe24d5f0f78b0260c284565;complete;quotafull
ac0d6fa4f838cab61bf564344784543c;60b91795cbe24d5f0f78b0260c284565;starter;quotafull
ac1f798eff5a35e6097ee577419ac0f1;2785fdf7076f6541968370b4cf0a2ef6;complete;complete
ac1f798eff5a35e6097ee577419ac0f1;2785fdf7076f6541968370b4cf0a2ef6;starter;complete
ac84c5b3a194cc3eb7e20bb06b8d3451;ab81c88a7ef03972fce3fdbf22772029;starter;complete
acd66f271a28cf072639977a82f6df2d;6412ec67314c0c8d823939efd15206cc;starter;complete
ace7803524875672c142ec810eb30238;cdc2b22401c953185de722f3f202a705;starter;complete
ad3773bed551f65d9217a81cbd96668e;0f651c83d9b5c3ed5c16a95ba3692612;complete;complete
ad3773bed551f65d9217a81cbd96668e;0f651c83d9b5c3ed5c16a95ba3692612;starter;complete
ade7567c3624475b6d9ad252d181034a;71e130f5e3989322ae899b637e669239;complete;starter
ade7567c3624475b6d9ad252d181034a;71e130f5e3989322ae899b637e669239;starter;starter
ae28fb231efb63790506c7adf85a2a35;378a4d80e040b887de77c0629d701f51;starter;complete
ae4c05a3c4e346ed743951bd972e095e;712552f480824c2de0f51cd951c510a4;complete;complete
ae4c05a3c4e346ed743951bd972e095e;712552f480824c2de0f51cd951c510a4;starter;complete
ae60a3fb9b4a6b8cf1decb15598c3e19;7a4109283fffa1220b2f6fbe51659f0c;complete;starter
ae60a3fb9b4a6b8cf1decb15598c3e19;7a4109283fffa1220b2f6fbe51659f0c;starter;starter
ae93f8aa297d9b349fbcddaf3749857c;1fa411afa0843ab01db6ea548ba616a7;complete;complete
ae93f8aa297d9b349fbcddaf3749857c;1fa411afa0843ab01db6ea548ba616a7;starter;complete
af6fca363d15fb55335f7a5473217f90;218ec6121a12417ae4ccba3219bd6bbf;starter;complete
b25360f48f503cb841f0b80d089fc6fe;b30e5ca1fc744e11ce0a3c31ecfa98df;complete;complete
b25360f48f503cb841f0b80d089fc6fe;b30e5ca1fc744e11ce0a3c31ecfa98df;starter;complete
b26b658ec29fe61d46f12d209b96957b;48401151f9697270c02b574465550bd2;starter;quotafull
b274c185102de39b0d4bf309af9e3cb0;e16505fa5e5cd4fc2eff5ad02df07c0d;complete;complete
b274c185102de39b0d4bf309af9e3cb0;e16505fa5e5cd4fc2eff5ad02df07c0d;starter;complete
b2b235588d0287024cd5076c1f0065e0;453cf9496cf1bbebec81dc0106310aa5;complete;starter
b2b235588d0287024cd5076c1f0065e0;453cf9496cf1bbebec81dc0106310aa5;starter;starter
b331412f2750a5acfd0c1c7edcbb4bbc;0e68e5f82e3b54c9672c8188b8818e4a;complete;complete
b331412f2750a5acfd0c1c7edcbb4bbc;0e68e5f82e3b54c9672c8188b8818e4a;starter;complete
b3678ec77c07af7ab01e2082408fd3a0;ea3c1488fe66958f38155c36a821c66b;complete;complete
b3678ec77c07af7ab01e2082408fd3a0;ea3c1488fe66958f38155c36a821c66b;starter;complete
b38f9fb33f1f35c0781c98164026e29a;6dbe0bfa91a27c1a315eba42171be4ea;starter;complete
b3fbbb85d64ffa7c2fa812d1a6314aab;7a8e25f8a5fc91868e23f77e6e693c94;complete;complete
b3fbbb85d64ffa7c2fa812d1a6314aab;7a8e25f8a5fc91868e23f77e6e693c94;starter;complete
b443f2f3420c7e0b937ece535f8b4149;9ad277b403f0cab35eeb01592a6e63ea;starter;complete
b445985b951221045333591bdcc7612b;011e2f92244c9b2b0b1b34a6024a256e;starter;complete
b49e6c91085c25563b54f0b17ea3c229;a070109ca177c4236b76fb22aca40d5c;complete;quotafull
b49e6c91085c25563b54f0b17ea3c229;a070109ca177c4236b76fb22aca40d5c;starter;quotafull
b4b3a4f499dccc4fcd0f10e22f1ac180;378a4d80e040b887de77c0629d701f51;starter;complete
b4e88b3270433e52359cb093ba9db7ea;378a4d80e040b887de77c0629d701f51;starter;complete
b5936568d7494e658be2d55bf4ba43a2;9c80bd31f2e12d9029df14bb902e6c90;complete;complete
b5936568d7494e658be2d55bf4ba43a2;9c80bd31f2e12d9029df14bb902e6c90;starter;complete
b59a8d4322e24971e1f63983168ae1f5;59591362e8eb1e9ab75884261cbb0a17;starter;complete
b5abd2c73a431e994075a7c41ed815ef;2331a5742b138d26d6a11b5f2c266d77;complete;complete
b5abd2c73a431e994075a7c41ed815ef;2331a5742b138d26d6a11b5f2c266d77;starter;complete
b6234d7138f8999696b699683d807f19;f60b9cbeb69415803c1b5b379da9a65b;starter;complete
b64f96552232c27ad0c503bc585b74ba;6557f9e6156fa5b72627492a5bae41d4;complete;complete
b64f96552232c27ad0c503bc585b74ba;6557f9e6156fa5b72627492a5bae41d4;starter;complete
b6650bfc12709c17fe036b7136ed555f;28e26ff90e8057895e4549c416bef196;starter;complete
b6e63aaf975f488901ec86212c67846b;124b1fc0b74e805590147c8eead26303;complete;complete
b6e63aaf975f488901ec86212c67846b;124b1fc0b74e805590147c8eead26303;starter;complete
b71048ae37a96c5873818b2c43be199b;e60cfba43d3f182afa10fcd9fe005952;complete;complete
b71048ae37a96c5873818b2c43be199b;e60cfba43d3f182afa10fcd9fe005952;starter;complete
b741cb0eeb956959a20d4b01434ad5b1;ab43099f672481d0284c57e284875e60;complete;complete
b741cb0eeb956959a20d4b01434ad5b1;ab43099f672481d0284c57e284875e60;starter;complete
b8db3f79bc7690990ddd41032c224670;542095fdffb72a8cdddde71e2f2055f5;starter;complete
b9321ff657a95d8fdc92d12c3e5df855;add6de3f81b77d5fbec1daa3bdbd3e86;complete;complete
b9321ff657a95d8fdc92d12c3e5df855;add6de3f81b77d5fbec1daa3bdbd3e86;starter;complete
b938e53093667716588c453ef2c34eee;a48baf5ff00b0dbdbd65e8107737c04a;starter;starter
b980737a102cf923785499648cb3434d;874fbe8bb77cfb5a8e5045598b5a1765;starter;complete
ba1bb775ddc25fce6e3fb66187dbc061;a742ada943ef368ed7a55184e3a51133;starter;starter
baa3cb434900a965c9ec75c0b017d801;1720961f638f8b62b305c484bfcd8b3f;starter;complete
bb23588a794f044e20069df61cc316de;332df4bf6bd4de11b42f1d2124c7194f;complete;complete
bb23588a794f044e20069df61cc316de;332df4bf6bd4de11b42f1d2124c7194f;starter;complete
bb7954dd74acb43f4aadc78d208f10d9;93c14058df2bf544d2f0bb129e70198a;complete;complete
bb7954dd74acb43f4aadc78d208f10d9;93c14058df2bf544d2f0bb129e70198a;starter;complete
bb7b414caace187a45e39ddf0e13c40a;11bd09a536fa6c7515f581ebe429fe36;starter;complete
bbeaeee82dda78c99a953bf862cc9317;0a3e5791f354df5bb4cfc493fabd66ea;starter;starter
bbef2769f6eb85b233fb8569d6c0ce79;f2d5de51f4b4206202b7ad2d23174867;complete;complete
bbef2769f6eb85b233fb8569d6c0ce79;f2d5de51f4b4206202b7ad2d23174867;starter;complete
bc0f35645ef2b12bf6c3754e88351c06;b92efbc32cfce6629326adea37f66be4;complete;complete
bc0f35645ef2b12bf6c3754e88351c06;b92efbc32cfce6629326adea37f66be4;starter;complete
bd0255bd5942f705052a77d3dff61f20;466dfbcd548f2e25e4f2159867c9cbca;starter;complete
bd4987ef52fa3c1c39583b04d39c733c;2ab86a3820d48b7e53e2882704fb1227;complete;complete
bd4987ef52fa3c1c39583b04d39c733c;2ab86a3820d48b7e53e2882704fb1227;starter;complete
be1e9eaea4638043ebfdfea5c9362bf1;11efa183b2f6d5e5cad987f80e9e132a;complete;complete
be1e9eaea4638043ebfdfea5c9362bf1;11efa183b2f6d5e5cad987f80e9e132a;starter;complete
be2328dc00b3936d18c3a37d6dba74f0;9d7e4891bb9cb356746b6b411e8bc44c;starter;complete
beb073b343014fee3801e17a9883c4c6;4906ac70df3b7c695711e6f1b55af01e;complete;complete
beb073b343014fee3801e17a9883c4c6;4906ac70df3b7c695711e6f1b55af01e;starter;complete
bf9d9e96ebcc1758ba700e15bed939c2;75ac259f86c41265fe40c2a6e6a38876;complete;complete
bf9d9e96ebcc1758ba700e15bed939c2;75ac259f86c41265fe40c2a6e6a38876;starter;complete
bfb7abf5f031a43184910f6c9a4807f9;0e22e8ae3996e54e3ffba58068e9d817;starter;complete
bfcc46ee44d7ffa77b8d2810225f7b50;33dfcedef60f8c0710a235211204dc65;complete;complete
bfcc46ee44d7ffa77b8d2810225f7b50;33dfcedef60f8c0710a235211204dc65;starter;complete
bff1face3e801e872c49e9670c73f3ef;7b0a42baede5e0e202992cd3e7776f61;starter;complete
c00389443f5d330ae359d887714cd55a;629ba8c375dc6e9643994c5b04acd420;starter;complete
c03bfa2ff268e0c1af9813459d5ffa76;477953cb9788747e6cba7287ae7ba3bc;starter;complete
c0502f51270e181fd92387e1bdcc0418;8e80af93733288d0d86c3acd8238848c;starter;complete
c18002009e342c18762bf1ab80d95515;f60b9cbeb69415803c1b5b379da9a65b;starter;complete
c21df6a2e379b14e681dfa738095f6df;f49a742be9339a65ed5e09ca974192b6;complete;complete
c21df6a2e379b14e681dfa738095f6df;f49a742be9339a65ed5e09ca974192b6;starter;complete
c27181884513820943f49ae0f07f5dec;aa8a678250443fe5a202da4fe2830a92;complete;starter
c27181884513820943f49ae0f07f5dec;aa8a678250443fe5a202da4fe2830a92;starter;starter
c2b3283c3660834dbe01d86da6a74531;b50adb7f8d458f70c5d0439b00a673c5;starter;complete
c2dc822b618d77f21d461717057eb3ec;08cdb6f6d3ea5b3978b83c21b1093fe3;complete;complete
c2dc822b618d77f21d461717057eb3ec;08cdb6f6d3ea5b3978b83c21b1093fe3;starter;complete
c3726a59adebd2948d554d15246bdcac;f1b040a5f2e3ce977771d13b33dcd937;complete;complete
c3726a59adebd2948d554d15246bdcac;f1b040a5f2e3ce977771d13b33dcd937;starter;complete
c3976ba0732c6a1d1e9112278ede8021;0e22e8ae3996e54e3ffba58068e9d817;complete;complete
c3976ba0732c6a1d1e9112278ede8021;0e22e8ae3996e54e3ffba58068e9d817;starter;complete
c3b5d9572ddf2151e0eadcd046a324f4;0239d1e0e412d45a5611604e3b78ab7e;complete;complete
c3b5d9572ddf2151e0eadcd046a324f4;0239d1e0e412d45a5611604e3b78ab7e;starter;complete
c3ff83ca8f701a9831943852d5847805;0b6c004da1b12ac389002dd59fb5a78b;starter;starter
c44f95a7aecce1a1a8516419997a639d;378a4d80e040b887de77c0629d701f51;starter;complete
c45d37f7996b772c441de6d44fd6e5e4;e3828214d37a1ea3dc23c13d924855f8;starter;complete
c4fa8fab5dc4d9f6e765e8f5ad5204db;da73bff1862fa399432c1542c2d6655b;complete;complete
c4fa8fab5dc4d9f6e765e8f5ad5204db;da73bff1862fa399432c1542c2d6655b;starter;complete
c5ac39227fb28a80757f7e25e80cec8b;4553bc0b80db5433ce8100c1f99f9404;complete;starter
c5ac39227fb28a80757f7e25e80cec8b;4553bc0b80db5433ce8100c1f99f9404;starter;starter
c619978f012a349227e4ede5de542791;11bd09a536fa6c7515f581ebe429fe36;complete;complete
c619978f012a349227e4ede5de542791;11bd09a536fa6c7515f581ebe429fe36;starter;complete
c61bf4e3acc5332db7aaa2c366abfc26;af744783a0bb88a5ba6ea2e71696aa2a;complete;complete
c61bf4e3acc5332db7aaa2c366abfc26;af744783a0bb88a5ba6ea2e71696aa2a;starter;complete
c6249d38c8cab59646cc0219bc2f8ee9;0822e02ff5ec96565b32746224c7f939;complete;starter
c6249d38c8cab59646cc0219bc2f8ee9;0822e02ff5ec96565b32746224c7f939;starter;starter
c657a960031971d3d2027213732232cf;164590f816230486bab4a225611d1cda;complete;complete
c657a960031971d3d2027213732232cf;164590f816230486bab4a225611d1cda;starter;complete
c6f47b062039ad0c15fed75b4134d0a5;430d2708c6f7ec8dd394ba2dd35d6d59;complete;starter
c6f47b062039ad0c15fed75b4134d0a5;430d2708c6f7ec8dd394ba2dd35d6d59;starter;starter
c83981782b687f09cc5b291a5af746d4;788af8d52c60fcfd26393558cf33c56b;complete;complete
c83981782b687f09cc5b291a5af746d4;788af8d52c60fcfd26393558cf33c56b;starter;complete
c8d5cbe38c5d7a29afec1d99026e0c1d;24e93845464ea83167cb53bb3638ca84;complete;starter
c8d5cbe38c5d7a29afec1d99026e0c1d;24e93845464ea83167cb53bb3638ca84;starter;starter
c91da7c2fdf7dd89c96d4f55d30645fe;dc7980530770b28bdee208e2a312808a;starter;complete
c96de73dfaad508efc3dda5c9a71f492;9d9c3466254492e700ffc5255bc7a23e;starter;complete
c9963c3ba30fd0d7d5c9a40608e37ced;59c4deab04435c39bf11dcb8e58bcb42;starter;complete
c9cacf88a90034132c513b8faf3d88c1;d38776f08f47a4a93c383b3647cd3107;starter;complete
c9d0715107464928a6a3b63d94a8f3b4;d31bd3f0e700792deeba552ca215c16c;complete;complete
c9d0715107464928a6a3b63d94a8f3b4;d31bd3f0e700792deeba552ca215c16c;starter;complete
ca1c6a5b116f19e40d6cc61f67860055;559f58be93ada2f4dd4b9c688df84514;starter;complete
cabfde035c01b21338b8a6c88a201307;3caf912ac51681b17a932b233e611370;complete;complete
cabfde035c01b21338b8a6c88a201307;3caf912ac51681b17a932b233e611370;starter;complete
cb5b1adaa5c2a53e92b7ff1779c69112;ab81c88a7ef03972fce3fdbf22772029;complete;complete
cb5b1adaa5c2a53e92b7ff1779c69112;ab81c88a7ef03972fce3fdbf22772029;starter;complete
cb5c87ad4c6f354416ae8bea8a19ed00;6a84f2a5ac50b949e940d0a79428925e;complete;complete
cb5c87ad4c6f354416ae8bea8a19ed00;6a84f2a5ac50b949e940d0a79428925e;starter;complete
cb987a313b3522c3f9a495bded637e6c;ef31b064fa4ea4d7970d56f6262dd077;starter;starter
cc24537d1ed392be407cc105342517ee;218ec6121a12417ae4ccba3219bd6bbf;complete;complete
cc24537d1ed392be407cc105342517ee;218ec6121a12417ae4ccba3219bd6bbf;starter;complete
cc2cd1b7f964d35a636a3c3efe1875f8;20a5bf4d894cad7801d5efe2a1293301;starter;complete
cd08babe3018d5dff17796b737bb431e;8297481e42e6b2d3a3cd61942b6fb186;complete;complete
cd08babe3018d5dff17796b737bb431e;8297481e42e6b2d3a3cd61942b6fb186;starter;complete
cd2a19adcde9154297f9e687b2480519;7291643babb68f7aa7a8cc60373321ca;starter;complete
cd66cad750b4ba95b5931c08c546fdeb;588d0a0d6bb3124ea0c626f36ab1b88e;complete;complete
cd66cad750b4ba95b5931c08c546fdeb;588d0a0d6bb3124ea0c626f36ab1b88e;starter;complete
ce424bea82d99c3fe3e568d8fc51e429;425bcdae3d3ef91550b77ca11e270839;starter;starter
ce43190963edd1d71ee3ec4181129eca;cde5fa53b40f703dc70b0dd7b1c9893c;starter;complete
cedb2adae1e09f1290434370eef5e825;afa7c9623cf05a8cf914449e734549dd;complete;complete
cedb2adae1e09f1290434370eef5e825;afa7c9623cf05a8cf914449e734549dd;starter;complete
cf6772ef901142062307d289934895fc;7139a0b422dae8eede253fa91d0c9949;complete;complete
cf6772ef901142062307d289934895fc;7139a0b422dae8eede253fa91d0c9949;starter;complete
cfbd09f206f91f12daa56db3cba9e1ca;207a47d134a053ec06acd01410d6349d;complete;complete
cfbd09f206f91f12daa56db3cba9e1ca;207a47d134a053ec06acd01410d6349d;starter;complete
d0002586958456a4a0af29029232e1a8;cabe2723d8294d5755b7430ca2503452;complete;complete
d0002586958456a4a0af29029232e1a8;cabe2723d8294d5755b7430ca2503452;starter;complete
d03a07583fbbff27325a008c58205329;453cf9496cf1bbebec81dc0106310aa5;starter;starter
d0446ead0e072286117c0a945c5d5f1d;961a401f3586bc1a93a6ce046a46d101;complete;complete
d0446ead0e072286117c0a945c5d5f1d;961a401f3586bc1a93a6ce046a46d101;starter;complete
d089f0d028622e6b73b5015911846841;ff0771639645d631d85c2cf7645a1b6b;starter;complete
d08c69e3aa3bd8d8855b8997a17104f3;179ce9447d02d7ca0a4c55b3cfa4e854;complete;complete
d08c69e3aa3bd8d8855b8997a17104f3;179ce9447d02d7ca0a4c55b3cfa4e854;starter;complete
d15a89ac9c5c911f607c879f6cde290f;b3a3824c035acf86a72c19f0ee37cb02;complete;complete
d15a89ac9c5c911f607c879f6cde290f;b3a3824c035acf86a72c19f0ee37cb02;starter;complete
d18d0f7e33a82d4800de9462e0d26ee8;bdbe994e4dc97483c83b01ac5e14d663;starter;complete
d1cba09b455ed64a62d1097726754677;833e71b1d892bab6ccab57d1c5ae6004;starter;complete
d2f0fccd650b5fe9441f231db0721567;6672b211b1d5bda373b6f524b566bc84;complete;complete
d2f0fccd650b5fe9441f231db0721567;6672b211b1d5bda373b6f524b566bc84;starter;complete
d31438a3793f8893d97cc3037d1dab9e;4877d0a043e307148049bacdd1a98bfa;starter;complete
d3e420440fa50b95942d52bcbddb2d65;a38c17108b62d1e9a7d21907a65eec63;complete;complete
d3e420440fa50b95942d52bcbddb2d65;a38c17108b62d1e9a7d21907a65eec63;starter;complete
d416aad479de4172cc832bea7ea008b6;95c42ecfe379b9ffc7d8e4b240a59e86;starter;complete
d4d4b671b1468f517b46bee0704776a2;b07aa00d8183ece43be0b31d2cd195bb;starter;starter
d55e017cc4845f0527c43e561523061b;3b68690fca3a88f1dbdca684c1859b01;complete;starter
d55e017cc4845f0527c43e561523061b;3b68690fca3a88f1dbdca684c1859b01;starter;starter
d57af4aca55b7027f01e6e4f633801e0;ab81c88a7ef03972fce3fdbf22772029;starter;complete
d5937a4db1b2dc703b11dcd07d6abec3;24f5b5bc35b167d9ce7774a07e68f5b8;complete;starter
d5937a4db1b2dc703b11dcd07d6abec3;24f5b5bc35b167d9ce7774a07e68f5b8;starter;starter
d5b319e6b4af0b2c8551c212883834a2;3479eef3d93b60655322fd211b6ab59a;complete;starter
d5b319e6b4af0b2c8551c212883834a2;3479eef3d93b60655322fd211b6ab59a;starter;starter
d638246994b067afc159ca1ccfae0ef2;8e80af93733288d0d86c3acd8238848c;starter;complete
d756a83ff8f4af01571bb693f38dc7cb;e4aa58d4c2953bcd405f2fe6162a2913;starter;complete
d7a0573730ab7c23c963d8af98d58e5a;f26978560fe5a8561df8b4fb45e6f846;complete;complete
d7a0573730ab7c23c963d8af98d58e5a;f26978560fe5a8561df8b4fb45e6f846;starter;complete
d7e1cd9c85b81ccaca2b1aa0ee4320e5;6e2562155b01226ef50c23d0bb656a34;complete;complete
d7e1cd9c85b81ccaca2b1aa0ee4320e5;6e2562155b01226ef50c23d0bb656a34;starter;complete
d8595999ab8fa07f831c2046f5c41fb4;6557f9e6156fa5b72627492a5bae41d4;starter;complete
d8633e2cd2bbc2b4a51eaca41aa1dc02;0a0c4eba5f4675804532300822e9aaf5;complete;complete
d8633e2cd2bbc2b4a51eaca41aa1dc02;0a0c4eba5f4675804532300822e9aaf5;starter;complete
d97b90eaa6fc2bc9ea29f73ceda5ec13;cd28ce3e265270e2709187101b168f2f;complete;complete
d97b90eaa6fc2bc9ea29f73ceda5ec13;cd28ce3e265270e2709187101b168f2f;starter;complete
d9a3714b9759fa4aa8380ec99d3ca829;164590f816230486bab4a225611d1cda;starter;complete
d9ed0f057a2332493853af57b395b027;102a24de380fbc59705f8261c4982a97;starter;complete
d9f65c3e776ac69d677387d73c5731ed;a2dbe20c5fb208f2203d5b6fa9ccdee8;complete;complete
d9f65c3e776ac69d677387d73c5731ed;a2dbe20c5fb208f2203d5b6fa9ccdee8;starter;complete
da78b25df084a728deafa86125a4f2e5;a742ada943ef368ed7a55184e3a51133;complete;starter
da78b25df084a728deafa86125a4f2e5;a742ada943ef368ed7a55184e3a51133;starter;starter
da9036c79af76bb4a4914d79cf5d5534;0f651c83d9b5c3ed5c16a95ba3692612;starter;complete
dabf08fa43b51163d67964a6e9029555;67e47b771bb6b92c21034e59e1f695fd;starter;complete
db273d63ae614c2875d0e0534ef7d4e9;f1dc9ac9f1102b804b74350a52129286;starter;complete
db698b8bd5f0b2c82192dc9a30822e67;bb134b90cbeaf353a5905b5ee9be4bc7;starter;complete
dbc2af1fc27390f71a34fff79b50e3e7;b30e5ca1fc744e11ce0a3c31ecfa98df;starter;complete
dc760eb006d963def882e349ad2c607d;7b6f8bc524a46d9ea13b6de01cc057e2;complete;complete
dc760eb006d963def882e349ad2c607d;7b6f8bc524a46d9ea13b6de01cc057e2;starter;complete
dc82fe294547d4c97fc47b43427c32e5;4edb600eb6b9ffb80adc7037f90f0305;complete;complete
dc82fe294547d4c97fc47b43427c32e5;4edb600eb6b9ffb80adc7037f90f0305;starter;complete
dd2fc503670fa4e21f90fa354813f090;7edacf40dff3c7efaa3f3c52da9a3385;complete;complete
dd2fc503670fa4e21f90fa354813f090;7edacf40dff3c7efaa3f3c52da9a3385;starter;complete
dfe40f7942052442591ef8302f4fa2fc;511668ecd8b42a747d5ba90576aa2fe1;complete;complete
dfe40f7942052442591ef8302f4fa2fc;511668ecd8b42a747d5ba90576aa2fe1;starter;complete
e020bf4c197a1053c81cb2b1ad34e293;2eb3729a5da3424ef431a8b541506a3d;starter;complete
e0753f0cc8f63054c4343c1233d60ffe;25b8b92800236256e4d3107b46079bc7;complete;complete
e0753f0cc8f63054c4343c1233d60ffe;25b8b92800236256e4d3107b46079bc7;starter;complete
e13a42a22f38ce98dc13b91d70799c12;21b96ce91ff11046c79dbda878b92a35;complete;starter
e13a42a22f38ce98dc13b91d70799c12;21b96ce91ff11046c79dbda878b92a35;starter;starter
e17f8f67349644e42e1a046003f61648;1588e8ba32800e6ba55a78905cbc7543;complete;complete
e17f8f67349644e42e1a046003f61648;1588e8ba32800e6ba55a78905cbc7543;starter;complete
e1880927a8ef349d212d39c44fd845e3;7e7c2cb61ddba01f1ba976e467ccb503;complete;complete
e1880927a8ef349d212d39c44fd845e3;7e7c2cb61ddba01f1ba976e467ccb503;starter;complete
e1b6513af7373482215f5f9caae900ea;0e606220ca3e9f3b207205d05a6425e0;complete;complete
e1b6513af7373482215f5f9caae900ea;0e606220ca3e9f3b207205d05a6425e0;starter;complete
e1c37ba2a9245d6c22b197ee26ccc525;3479eef3d93b60655322fd211b6ab59a;starter;starter
e22e348f470603723c02426db756bd06;580686306f02da9baec7c3ed1680cadc;complete;starter
e22e348f470603723c02426db756bd06;580686306f02da9baec7c3ed1680cadc;starter;starter
e27b049554e54f175991953dc8649d82;5c198cc74c74b828917d68e849a0e3e8;complete;starter
e27b049554e54f175991953dc8649d82;5c198cc74c74b828917d68e849a0e3e8;starter;starter
e27d1ac833637676017c80666c55b883;a070109ca177c4236b76fb22aca40d5c;starter;quotafull
e2f85e785371d5cb1b5414c9fba0e0ae;1588e8ba32800e6ba55a78905cbc7543;starter;complete
e329f32c5615c0897d1eb1c603265e84;9f1976eabafdf8eec1db4ee3f139abea;complete;starter
e329f32c5615c0897d1eb1c603265e84;9f1976eabafdf8eec1db4ee3f139abea;starter;starter
e385fffd87b1665f3c5626e7d5328783;893fb166543b966acb5f29b709fac669;complete;complete
e385fffd87b1665f3c5626e7d5328783;893fb166543b966acb5f29b709fac669;starter;complete
e4ea14d65915342a46685120388b0300;fd8c638c214da17b4feabbe38ac1ddfb;complete;starter
e4ea14d65915342a46685120388b0300;fd8c638c214da17b4feabbe38ac1ddfb;starter;starter
e4f80039854476b7c1479eb986d8ffcf;3b2604613702632c998a99e7d8a04ea1;complete;complete
e4f80039854476b7c1479eb986d8ffcf;3b2604613702632c998a99e7d8a04ea1;starter;complete
e61eeee57e713a7cbb4e0a710fa0f711;6fe154eda6d34a285297990271ecbe95;complete;complete
e61eeee57e713a7cbb4e0a710fa0f711;6fe154eda6d34a285297990271ecbe95;starter;complete
e647741a5f6c236aeba746b994370a49;51c002c032dbd9942f6166590b19bfa5;complete;quotafull
e647741a5f6c236aeba746b994370a49;51c002c032dbd9942f6166590b19bfa5;starter;quotafull
e6a5e189327871664ce6e8fc1aa3b371;0b28f7266f8780d5b5ddeeae18162d70;complete;complete
e6a5e189327871664ce6e8fc1aa3b371;0b28f7266f8780d5b5ddeeae18162d70;starter;complete
e6cf9b28ffcf27ba01e96d3ef79e1ba4;f49a742be9339a65ed5e09ca974192b6;starter;complete
e6d1267a5a088d9d1529db6b6b7d8e87;45858391266cf4dfe4747e65f084faf8;complete;complete
e6d1267a5a088d9d1529db6b6b7d8e87;45858391266cf4dfe4747e65f084faf8;starter;complete
e6d6992ae8abb5170cda533d6647d10a;9ad277b403f0cab35eeb01592a6e63ea;starter;complete
e6d72c7dd2958a4d86cf7b385da8dff9;b78e57140a2eccdacb8b8821f54d12e7;complete;complete
e6d72c7dd2958a4d86cf7b385da8dff9;b78e57140a2eccdacb8b8821f54d12e7;starter;complete
e8477a3334748185e8e8026861719800;84d9efc9e312a8e5c0527f5c913edc43;starter;complete
e893cd4f96138162c14244fa38c57fc4;9675f766cfcd580582efae495fcedd54;complete;complete
e893cd4f96138162c14244fa38c57fc4;9675f766cfcd580582efae495fcedd54;starter;complete
e8e194613e2f885649f51fe9faf14a51;8bf8286d1ba5b59b1e5dd5ad25fb180d;complete;complete
e8e194613e2f885649f51fe9faf14a51;8bf8286d1ba5b59b1e5dd5ad25fb180d;starter;complete
e8e93251e47955a32b4887e9d0678ed0;98db25bdd3c8dca027bb309c56f049f3;complete;complete
e8e93251e47955a32b4887e9d0678ed0;98db25bdd3c8dca027bb309c56f049f3;starter;complete
e9186a257888d2a280b7560b5044dfea;5f62a2865cf9753e52e2c0b5970d1c04;starter;complete
e92cc837ecb1f4417e386fb310719e38;3c9aedf632ad5e52ee141ac294b6db86;complete;starter
e92cc837ecb1f4417e386fb310719e38;3c9aedf632ad5e52ee141ac294b6db86;starter;starter
e94e370936457f4e9885e4aa5d6c9e00;9c80bd31f2e12d9029df14bb902e6c90;starter;complete
eaeaec818b2515ee396ac504fa41592d;46616184cf4ab29e9b5c0e70ae2c19be;starter;complete
eb0560dcd28aeeda715bc03ba6b8ec9b;4c7599bf12fe3cb2459ad381f0dbe897;complete;complete
eb0560dcd28aeeda715bc03ba6b8ec9b;4c7599bf12fe3cb2459ad381f0dbe897;starter;complete
eb24507bcf1b7d08c031b11a19ed0ab2;24f5b5bc35b167d9ce7774a07e68f5b8;starter;starter
eb53b76b885e586395e01465354f72b2;88066efaad1b75595623cffeccf20b44;complete;complete
eb53b76b885e586395e01465354f72b2;88066efaad1b75595623cffeccf20b44;starter;complete
eb6e7b075587420fa39095bcaae91300;11b32e7e9d4d6952a176e8ba561c010b;starter;complete
ebed97b578bd9a6b687b6ab92acaaf05;6a132ba4b3fad80d147e150a85d1558c;complete;complete
ebed97b578bd9a6b687b6ab92acaaf05;6a132ba4b3fad80d147e150a85d1558c;starter;complete
ecb2ba888547967cd7b5c81b0da4b532;f0daee77a93d6c259d11bafb41552704;complete;complete
ecb2ba888547967cd7b5c81b0da4b532;f0daee77a93d6c259d11bafb41552704;starter;complete
ecda52bf671aa7c592a73b726bbb9366;2b6874c0707beddc857831934471cd8e;complete;complete
ecda52bf671aa7c592a73b726bbb9366;2b6874c0707beddc857831934471cd8e;starter;complete
ece469e82e3024f1075844839f69114c;179ce9447d02d7ca0a4c55b3cfa4e854;starter;complete
ee0ee6b16268cd396d8e3b1fdabf1dba;f88969c5488f5d57036b5c167313474f;complete;starter
ee0ee6b16268cd396d8e3b1fdabf1dba;f88969c5488f5d57036b5c167313474f;starter;starter
eea6aa84ab873ea69e53aac8405e6474;18f550a56eae35677d2be221eccc6999;complete;complete
eea6aa84ab873ea69e53aac8405e6474;18f550a56eae35677d2be221eccc6999;starter;complete
ef373b3a7daac72b2c4ed0dbdbd637ee;3998ba3c025ca609d24e6a75c1a8747a;complete;starter
ef373b3a7daac72b2c4ed0dbdbd637ee;3998ba3c025ca609d24e6a75c1a8747a;starter;starter
ef5ef7337ec2b36964278a18f4f68a69;8085c3aca634ae570846cd7e07a1c795;complete;complete
ef5ef7337ec2b36964278a18f4f68a69;8085c3aca634ae570846cd7e07a1c795;starter;complete
f04d36af5c918329e2e430cb6a00870d;ef31b064fa4ea4d7970d56f6262dd077;complete;starter
f04d36af5c918329e2e430cb6a00870d;ef31b064fa4ea4d7970d56f6262dd077;starter;starter
f050db70d2b2cb29f6c35fa45c9326ff;597cd1aac089e4029e8b687bb366815f;complete;starter
f050db70d2b2cb29f6c35fa45c9326ff;597cd1aac089e4029e8b687bb366815f;starter;starter
f0627d25e7b3a9ff01ff6035d208fba5;5aea218cae74792113d80b997c32e223;starter;complete
f19834043ebeda40628bc1042c1f263d;b30e5ca1fc744e11ce0a3c31ecfa98df;starter;complete
f1f7f2ce65e92da3dc5c620caea82dce;6d16ee5f7fc6ca16066df57c704e8cac;complete;complete
f1f7f2ce65e92da3dc5c620caea82dce;6d16ee5f7fc6ca16066df57c704e8cac;starter;complete
f2b856581976df99aac6d7853ce4147c;5c198cc74c74b828917d68e849a0e3e8;complete;starter
f2b856581976df99aac6d7853ce4147c;5c198cc74c74b828917d68e849a0e3e8;starter;starter
f2b905a118cf2015b927e743ddbd8c64;f1dc9ac9f1102b804b74350a52129286;complete;complete
f2b905a118cf2015b927e743ddbd8c64;f1dc9ac9f1102b804b74350a52129286;starter;complete
f55e2f53bf9d2aa074fad06eed397de1;e1d87e2b7c8c79f9053765e064c00ed7;starter;complete
f5ad08631119e4a59b4958730c6ef712;9fbccaa0f9ff33ab88e412782055275f;starter;complete
f605b17b332c593f2e6741816a0e27b8;7514f8bc707d3946f9ad64bde5e405f4;complete;complete
f605b17b332c593f2e6741816a0e27b8;7514f8bc707d3946f9ad64bde5e405f4;starter;complete
f621f20b27a90597ce21fafc0dee8ceb;c350e2a612ecd05783448973ac99b31f;complete;complete
f621f20b27a90597ce21fafc0dee8ceb;c350e2a612ecd05783448973ac99b31f;starter;complete
f6c3dec37365829f94adfcc0a92781dc;7d564dc12e8274486224af8471241883;complete;starter
f6c3dec37365829f94adfcc0a92781dc;7d564dc12e8274486224af8471241883;starter;starter
f70c20248d26c8ffe699147e0345d778;c5ac73ff0e2ed88c227f6b812fce33bb;complete;complete
f70c20248d26c8ffe699147e0345d778;c5ac73ff0e2ed88c227f6b812fce33bb;starter;complete
f70d91c2c047bcf52f34d8f7ac4052ef;2785fdf7076f6541968370b4cf0a2ef6;starter;complete
f7ba0dda53d15ffeb0fdf2dffa53bb0e;9480de64e0f93e5f2fcf6d61bd5a1a85;starter;complete
f7f9ba877b33041f2f3078e0be0668d0;59c4deab04435c39bf11dcb8e58bcb42;complete;complete
f7f9ba877b33041f2f3078e0be0668d0;59c4deab04435c39bf11dcb8e58bcb42;starter;complete
f844377bd055e27320acac93d1406608;bcd3ce7c45208804d0e4a7296bacaa06;complete;complete
f844377bd055e27320acac93d1406608;bcd3ce7c45208804d0e4a7296bacaa06;starter;complete
f867e83dfcaf6ebe795c2dbdf6966c69;94b43d99038a8831126e8deed76cb102;starter;complete
f8969444a32445c3a19706cf97a4f2e5;3e251c178cca04463a76dd437b457a03;starter;complete
f8f033c6ae61d025c2de66f4b9c3af4b;6dbe0bfa91a27c1a315eba42171be4ea;complete;complete
f8f033c6ae61d025c2de66f4b9c3af4b;6dbe0bfa91a27c1a315eba42171be4ea;starter;complete
f90344f1de1f8d3fa08d8eac568fafdb;7686e00a39d8bb1aa0b878251cceb9c3;complete;complete
f90344f1de1f8d3fa08d8eac568fafdb;7686e00a39d8bb1aa0b878251cceb9c3;starter;complete
f91814c463ebd493738afff4c9b6699b;a04634868834bbf85ff4dcb2511ba6b4;complete;complete
f91814c463ebd493738afff4c9b6699b;a04634868834bbf85ff4dcb2511ba6b4;starter;complete
f9e383bbbcbf1cb61d7965da9ce6e6a6;11b32e7e9d4d6952a176e8ba561c010b;complete;complete
f9e383bbbcbf1cb61d7965da9ce6e6a6;11b32e7e9d4d6952a176e8ba561c010b;starter;complete
fa00490f402110c442106de3db9ed917;e6ae515b9ccc5626ad3c04fd8cbe15f2;starter;complete
fa63f520570fd6714fd8eff7c43e0216;bb134b90cbeaf353a5905b5ee9be4bc7;starter;complete
fb256371cf0cf14776e3537d5f48960f;f40af4d560237cba1c769285260c5067;complete;starter
fb256371cf0cf14776e3537d5f48960f;f40af4d560237cba1c769285260c5067;starter;starter
fb42973dfcb6d3e5a9972b36adb461c4;124b1fc0b74e805590147c8eead26303;starter;complete
fd6ad849ef5886475de6dc48b26d0bdb;961a401f3586bc1a93a6ce046a46d101;starter;complete
fd7bc2af2e89dba4042076e4172e0db9;b2599d78bb241e6494a67f37842587f5;complete;complete
fd7bc2af2e89dba4042076e4172e0db9;b2599d78bb241e6494a67f37842587f5;starter;complete
fde248adac87e7f55c31d257ba76ac10;6412ec67314c0c8d823939efd15206cc;complete;complete
fde248adac87e7f55c31d257ba76ac10;6412ec67314c0c8d823939efd15206cc;starter;complete
fdf5afed6caae2508d56ecbdd13c8ef7;9f1976eabafdf8eec1db4ee3f139abea;starter;starter
fe1576b7b12167f48d03759e0340044d;fd8c638c214da17b4feabbe38ac1ddfb;starter;starter
fe49dc70913bd5342fcf48eef007575c;e5b5fbe14ee034c6938ea1b871a8b479;starter;complete
fe8762369c30c041d90b21d060c219b0;03289ebe21c41bd2204d4a218b4b3c13;complete;complete
fe8762369c30c041d90b21d060c219b0;03289ebe21c41bd2204d4a218b4b3c13;starter;complete
fecea62c863382dc58a2b56ce7b2c0f3;9ec44a6a66fa2a2f55f9cd4d0a9e309b;complete;starter
fecea62c863382dc58a2b56ce7b2c0f3;9ec44a6a66fa2a2f55f9cd4d0a9e309b;starter;starter
ff3ee0529d82fc2c4cd123e5d11dc6fa;4e2b866ff892adbd4763bbb2a3ee1a17;complete;starter
ff3ee0529d82fc2c4cd123e5d11dc6fa;4e2b866ff892adbd4763bbb2a3ee1a17;starter;starter
ff515ae5174e7e81d94cbec8d4a6f578;54390dca902be29e1bc12acf35fa7faf;complete;complete
ff515ae5174e7e81d94cbec8d4a6f578;54390dca902be29e1bc12acf35fa7faf;starter;complete
ffb6822a6c62ecc0f24a65f173a1d7df;335ad1ed37c6e6c4644fbf7fa88be343;complete;complete
ffb6822a6c62ecc0f24a65f173a1d7df;335ad1ed37c6e6c4644fbf7fa88be343;starter;complete