"","participantID"
"1","002ab7b0b814fad14136c1d15ccb5fed"
"2","00aad57ff4a113211169af5c6b329c2e"
"3","01683879f6c49c9ebad7c6c534266561"
"4","01a06133ecdb226d0f6dc6b631bfe6bc"
"5","02c9627c2e2b18bf6caad07af1d97c72"
"6","02e43df351f0428440079aeadaa2b99f"
"7","03efba53a91a76ae85e9149011533e1c"
"8","044d1da5a49858c34e7e5be8255879cf"
"9","0601ac9a7c436998060712fa5caab282"
"10","08103a9242a9af8fb7415d87ca5da54b"
"11","0899e1155516ffa0d518cec45c5bbad1"
"12","08d78a7afe1ac862aa2c52700be612c4"
"13","09b782449dcb4ba70af3f8c103ee4985"
"14","0a7e3b8d48d6cf32cda477f82920b8e4"
"15","0a8f2ef5c0495dee71445824ca82f10c"
"16","0abce7b279ddc719f691e9ac8dd8f9ce"
"17","0acb3c6d9dd6db5f94b90f4e0044cd3e"
"18","0b35a62c71523e9b05cfd06f51904a72"
"19","0b43d0ec0aa20e55de4438d1406d1f52"
"20","0bc4a6cc34d58ca4b281d61ddebec1f3"
"21","0d04574c8925bcdd786125fb9aa86bbf"
"22","0d4ca2b688f9a34e31abd6d75f4df18e"
"23","0f8bcd52c85636720e6d13eddaba2967"
"24","10f5f4ae6ea8eea6344ebefb0861e346"
"25","113539244524a67cf37072168b80847e"
"26","11e9773e7d7b9ea280ad0267c16160eb"
"27","136a2f64d56fa4246d47591ca8d033bc"
"28","13715271a2d48188ab026af14cf71947"
"29","141b3508efb830aa3c7e370f519d9a56"
"30","1465f529c9bf82664d10d0be7ff0be56"
"31","16136bcaabf8f1314c3fcb42e0597305"
"32","1635040579286e5b7e1d433dd27e54e5"
"33","18bb2e604239a661fe6e620fb3c19bfd"
"34","1951e8b19e3056144f06bbf4b4d5f03e"
"35","19faba9b5f716bd7d821278daf2c10ff"
"36","1b0fe7eefa9ef508e414d2acbb6b01f1"
"37","1c3a3ea2b9e5abc76f6550c26df5fb7a"
"38","1d28300b38bfeda77a9fd3f77abef05d"
"39","1d32a440bb1c9f017a2492986e63139a"
"40","1d4f1cc4d819db6b537a97105cce743a"
"41","204b1d67d2f8c0f19c72c3dd44b7dae1"
"42","2090888493e0b5b927ab4af52cedb41d"
"43","2230656153573e88cf41ae29fedd023f"
"44","23a1d5ab79b1bf9d6b82bf66a1142395"
"45","2401e72320e5232251dfc76c0d1f1e95"
"46","2523ad29637c9e0714fd12cbffe63d70"
"47","26e76b311dddd5cfbec6013154aa693f"
"48","27199222278d5ef18e98ee5bf125075d"
"49","28184a2d2974af244d7e32bc098aa6d4"
"50","292eb6aff7fb15bb21c2f2aa17847179"
"51","29f5927106678fff66ec7f7743faabb9"
"52","2b8caf3d6e73048bc9645aee62748efc"
"53","2bb6c4caf4195d1fb5599a9cc87fe9a0"
"54","2bb9962fb478c207b0fcb2e5b8d95b0e"
"55","2fac7d3262d7b47dd80404a71ecb1164"
"56","2fed7c553c7f54d1429ce9a89858a97f"
"57","3013fb14fc91dd05dea198186e068709"
"58","310fea6e959f942d3f0c6e20b60216c5"
"59","31adbb8db2db16c14dd745dbb6387c14"
"60","31b5efefc69c89e87671417da04f06d9"
"61","31f27185157d0ae4f4581f6a8a498da8"
"62","331bc110e65507edfaf97c9152ffdaa9"
"63","33381bd658cb83e4970fea2700d7577a"
"64","336a1d828bebdcbf592acacc9600a09c"
"65","3404069b5b4d8b910918f42237fe1d99"
"66","35128bf9a8eddecd1932110c6454ee88"
"67","353519e63c5dcce91235b0c7691be289"
"68","354a5a3046d9f006a88196d4737ec8a8"
"69","35d86c08d35201039ea70eadba5347f8"
"70","36c0d34ccd7f9f55d7633299f7b8ec84"
"71","36e006c9dec7d6c8a7edb1b5638c29d7"
"72","376dd4399ffb63ee335ed8fa16d1d5fd"
"73","37ad79e221eff5d5281e93ba27401a30"
"74","3989f6bef8de7ad7559a1be2137e1caf"
"75","3a1788731aa232c531e8a0733f01a564"
"76","3a7c734726690a61345a580bcf4285b7"
"77","3b2becbfd40d5ba4c7f18a0994adaac0"
"78","3b5c8a468ddbc65793a20cc14ced71a9"
"79","3b606176c2ff2ae2b888f3c6a7d23e15"
"80","3c91253a346d5485ebc08242dac11e9b"
"81","3d3bc9d76bc93a63858cef11fb639b24"
"82","3d7e773f91301b5ec1bf685a0bf252d2"
"83","3db2aa1783214f6d6bdfc3dbf4b611ec"
"84","3dde662f1a07223c32a4c4e7d3d703eb"
"85","407df2315ddc494dbed10106e517d9aa"
"86","4190decd6a45e2b86b59e24bb8ff2cdb"
"87","430d9132a99b96f3e439bb47571e6b6a"
"88","444be87539b0c0010cf4614d69e273f4"
"89","44b7a93dbc07c1f774348b9e84810049"
"90","460f60f3e3806e18bf854bb2f5fb3f80"
"91","4702bb8fdf60d6cccfa7fcb7414e9898"
"92","47527a7f374f7835f9a8f6b364a95f57"
"93","4772b19a4ff533f2ba5f97b88e1e399b"
"94","47845ac32f62de71c72a8b8f4f201662"
"95","478d8145314fae7687088bee7c2113ea"
"96","489d61c7b1b4bc486673bb3ac54de60c"
"97","4964d555782f1dc14a06e7029a917799"
"98","4b89aae3fba3074e10debba5917ada17"
"99","4c27e938832d60936631e0671f93f058"
"100","4c6912da551f7628ab443b3ed8ad84ac"
"101","4c9447f2dc53f8d7b19bec0b31a2e5f5"
"102","4d22265bf03558f08c96f266b18614d9"
"103","4dae9fe1182573e6a1aa775b1ebbb0f3"
"104","4e796257dd799eb13e9368a68d78c7b4"
"105","4eeed2f643675b2986f5812d6f481770"
"106","5001ad37ba142763d0a50006938aee77"
"107","503e5c488a41501478ed4fff78c2d7b2"
"108","5047e3daf4ec92012b1c1ffc8c147ae6"
"109","509ba06d0627fb570e93eb4b98d21daa"
"110","5563bccc28833e01ed2c2bb13630cd34"
"111","582efa56126cd77048b86030c14bd942"
"112","58a75677fee6b480f1f5c9cd602c4e82"
"113","59a74a28e063954bf124d92dd944a088"
"114","5b6ededd1906cf1b6907c93880bbfa45"
"115","5c71bb6928d9331f4f2cffd9a217dbf1"
"116","5c8e052d48eded9e6c1eec8b99f1d27b"
"117","5c9262313ed37c75b93f7f3e8a36d807"
"118","5c9aff5240af9c0c8c9c11821f86904a"
"119","5cf3681dd1ce294f94d171f61a7ac84c"
"120","5de8f796f4a658756d109200be03b14b"
"121","5df5377ab42d34b0f3ebc0f36ab9d5f7"
"122","5dfbc9ecfcbb8ead77cf75695cbe8a07"
"123","5edecbf19a6f48f8438fe7d820d60e85"
"124","5ef0525198f2d27fbe7cf7ef8bccc6a7"
"125","5faed715ab8b4a539ef8ce1da0b7bc59"
"126","628761fd239d88d3dca7b061214794bf"
"127","62daf562f28181eedaf22a5660e6c216"
"128","62ece9feba66bab3a19e2b9df47c2993"
"129","6310940a9489dc8dc4ab380f8424b72d"
"130","6399c0216b612af1f5c010d8b7d06901"
"131","653efe949722adb0bfc57d7828be5364"
"132","655689cfeeba6c11a1895b6ef0b28f82"
"133","65aec92afe55973d1381117af444023b"
"134","66ae72802450c35cb4d8d9225940e2a9"
"135","674afe5ac78c4ccef0be14a0f2c0442e"
"136","674e92e1ad74d74b5eae470bd364556d"
"137","67d07c467479af6b993576702e503ec7"
"138","6803ec50f8b25b278d074d87ecb5ede5"
"139","68c497441cae99543f78b5e9c82b433a"
"140","69789a6d1c06d8aa69ddedee7f3dbf05"
"141","6a5256acb0d43e99dc572c8410ee7539"
"142","6af648c8dbde42eb115c41e8ecc84a86"
"143","6b6c070c2fa8ad6b1c169d07f5ec2d14"
"144","6ba1252d1c54bf0bd3cb5d7bc6f0cbbc"
"145","6c1b3f73ad107d62703c32c37b0630f2"
"146","6c224c31b66172255112f1e092eb4e1d"
"147","6ca87d48f0568bfb526ae24357cc2cfd"
"148","6cc314455ad9e0b89c4f1f781903ebd0"
"149","6d219a16ae66a844e3871cda2dadd671"
"150","6eae5c69a6309508aba04e453830f940"
"151","6f97028732aa2b76546bc5d92a1cdc40"
"152","7072362b4d078f6b7902f05ceb66f255"
"153","714cd94e019811b6480ec3d986ffa933"
"154","71eba1f06a21420d71ff2afff183c352"
"155","71fa1438642c8c238d53d5082e8699e7"
"156","7221636b4207a14d9d679bdac7f9816e"
"157","722a82b9464717c5df68ccac3e978827"
"158","7325d032480eb1ce14f871227191cf31"
"159","759b40d58bb30f1edb78bbf5f794e120"
"160","77a0dbe894a832872a2ddcbac8efc022"
"161","789cda33f48113b02231e1ea6fe2835d"
"162","789fb2ce5974304b76f47bc1b49e2684"
"163","78e2587b764b7586e74eadeedf8655dd"
"164","79a6c820764d6f887def33b5d1edab81"
"165","7b0ccd38a533fd4e7f2a27242b8a7005"
"166","7c1beb36e6bc75321b1a86016c22a04f"
"167","7c46f073c8e3abbb78e46ac313e69882"
"168","7c5cbee7c92ba5ef3a6b3cc4dbffa03b"
"169","7d02ab08b3afa0ea82184674d168b099"
"170","7d17d1e26d87ca2b0175e8f8a7112da8"
"171","7d7c3ddfffd0865e2a2bcbf67c45a871"
"172","7def93fdb1ed3117e37f05285a31f4f2"
"173","7e4f2bce22cb5c98208e09d0b064663c"
"174","7ee3cd75918187f420eb868c15c2c7ab"
"175","7f6bf86b1e8bcdda167222dd26a8506a"
"176","7f7020940ccec2a0e22686e91c4ac5c4"
"177","7feccfcb7adf8fdc2c2ab47836748a7d"
"178","80c4143810989946882d6b02c227709c"
"179","822d9bd0bf5cc39615d3d0049c021477"
"180","834543a75fb78df2891e1ca0cd4b61ec"
"181","83889f250b33f00a73375585edb0f1bb"
"182","8403927872fd2e8bbd2d6a856a91e5ed"
"183","87f1a729c8f4588be8b41af0fe0d55c0"
"184","88c950560a8f8577c39c326ec74cb26a"
"185","88e57d94e835a937a9ef0ef1707daaf1"
"186","8917523be0f668d58d7afda50ec3343e"
"187","8a9832daed05fd93692a568c8ab545a4"
"188","8b47910d8b1b50777a0f25ba39d1fd5f"
"189","8b7a55e02f06594acd5bb4836d34cf6d"
"190","8bb79b189b9728cf245547f0a8cb6b7e"
"191","8cfd84c1891f1f8d8fba32cb6dddd973"
"192","8d3e72163cbabcc0e6da1e24b63d149f"
"193","8d5fa29fe8c72f29836cd8d088ca55c8"
"194","8e0e7b91ff313c9ebcc642ca0326f105"
"195","8e6a6d5eb927f94d6e0f16cba124b696"
"196","8ea0c820b2a9fe4373e7212d2eb78a5b"
"197","8f4135461c672df1bc594c8818ed2d48"
"198","8fca54230a0ecf673780132cea7278a3"
"199","90504081eb1ac2bf8761805ea2511948"
"200","9128274a0393caf298b7feb86a374993"
"201","91a30cfbc81fe17896607bfa69fbf21a"
"202","926e68123b4dae7a1c5037ae0786429e"
"203","93ba18927fe9cfff8ca8d08954bbabe2"
"204","93f6ff0bf71fe76563cd42dab2c16d2d"
"205","94c497444ab9c2aac450570c82239f47"
"206","9560e71d90f9ff1fc9f9157fdf8393bb"
"207","9584aaa331664951bbd8032e5b6f03a2"
"208","98b9205697f1ba42bb12de5aaae29647"
"209","98c7e60f3a070a7cf14444f6c35d796a"
"210","99796df74c74ed84508ef369ca3a0252"
"211","999df54f136f474374d646d9a0f3a738"
"212","9a509606c48be2330eea70131c7e49a9"
"213","9afb92632a59acb5ea972eb736bac9f5"
"214","9d05bd81deace9bbbc779f9408876b58"
"215","9e54e4295fd5e33a58cfb2899cbd9349"
"216","9f48fca83a2d76d0ac69dde4123f5138"
"217","a0887b6ab088429194fba58773289fa6"
"218","a0fa98307caba60f522324458ccbf036"
"219","a11e7558938e9ba9d0ee31b8129e170a"
"220","a1773a5620e0f222f31dec4dc408af67"
"221","a1a494daa7a7673927355a56c53920a4"
"222","a1ce4920500b0ae8d3d923e27fb3f720"
"223","a2cd5fb92c9b180aa21e7c069107fbcf"
"224","a2f594d01e609dd286dd6af01523bc11"
"225","a31ea7d0db2519a427880f3e9142704e"
"226","a3e022a1758a605b09af2b57eccea730"
"227","a3f998ac720a5687331725362c81e4e1"
"228","a441c055da6fe3b9fe9ca27632ef191c"
"229","a6c7bd073ceaa1e68b8d21aefe67116e"
"230","a74492862ed4a7fbe1e70fb626a2cd1e"
"231","a754d4220832c18876842c63b5f24f77"
"232","a7c745e3d922a6204b4e6a5d38a8126d"
"233","a802b0da50dfcf1ffd66eeb6dd2abfa9"
"234","a8b0aecd7ca4d6d3547ccba41391075d"
"235","a8e6af49ed16d089dc5c880c14dc2b51"
"236","a8f2681ff6519937276f2b7e611aef7b"
"237","ab235297dcd900754e8939a7efdc51fa"
"238","ab2e5d2e8d9f35e8552bef06270db813"
"239","ab5d3d8ad8b5351a34f6b80a6d2ae06c"
"240","ab9356f861d19c5931e2d4f48f39fe14"
"241","abbeef52a7c9da865e025038d83c0899"
"242","abd12c6709a7488ca3c97257ef829620"
"243","ac0d6fa4f838cab61bf564344784543c"
"244","ade7567c3624475b6d9ad252d181034a"
"245","ae4c05a3c4e346ed743951bd972e095e"
"246","ae60a3fb9b4a6b8cf1decb15598c3e19"
"247","ae93f8aa297d9b349fbcddaf3749857c"
"248","b25360f48f503cb841f0b80d089fc6fe"
"249","b274c185102de39b0d4bf309af9e3cb0"
"250","b2b235588d0287024cd5076c1f0065e0"
"251","b3678ec77c07af7ab01e2082408fd3a0"
"252","b3fbbb85d64ffa7c2fa812d1a6314aab"
"253","b49e6c91085c25563b54f0b17ea3c229"
"254","b5936568d7494e658be2d55bf4ba43a2"
"255","b64f96552232c27ad0c503bc585b74ba"
"256","b71048ae37a96c5873818b2c43be199b"
"257","b741cb0eeb956959a20d4b01434ad5b1"
"258","b9321ff657a95d8fdc92d12c3e5df855"
"259","bb23588a794f044e20069df61cc316de"
"260","bb7954dd74acb43f4aadc78d208f10d9"
"261","bbef2769f6eb85b233fb8569d6c0ce79"
"262","bc0f35645ef2b12bf6c3754e88351c06"
"263","bd4987ef52fa3c1c39583b04d39c733c"
"264","be1e9eaea4638043ebfdfea5c9362bf1"
"265","beb073b343014fee3801e17a9883c4c6"
"266","bf9d9e96ebcc1758ba700e15bed939c2"
"267","bfcc46ee44d7ffa77b8d2810225f7b50"
"268","c21df6a2e379b14e681dfa738095f6df"
"269","c27181884513820943f49ae0f07f5dec"
"270","c2dc822b618d77f21d461717057eb3ec"
"271","c3726a59adebd2948d554d15246bdcac"
"272","c3976ba0732c6a1d1e9112278ede8021"
"273","c3b5d9572ddf2151e0eadcd046a324f4"
"274","c4fa8fab5dc4d9f6e765e8f5ad5204db"
"275","c619978f012a349227e4ede5de542791"
"276","c61bf4e3acc5332db7aaa2c366abfc26"
"277","c6249d38c8cab59646cc0219bc2f8ee9"
"278","c657a960031971d3d2027213732232cf"
"279","c6f47b062039ad0c15fed75b4134d0a5"
"280","c83981782b687f09cc5b291a5af746d4"
"281","c8d5cbe38c5d7a29afec1d99026e0c1d"
"282","c9d0715107464928a6a3b63d94a8f3b4"
"283","cabfde035c01b21338b8a6c88a201307"
"284","cb5b1adaa5c2a53e92b7ff1779c69112"
"285","cb5c87ad4c6f354416ae8bea8a19ed00"
"286","cc24537d1ed392be407cc105342517ee"
"287","cd08babe3018d5dff17796b737bb431e"
"288","cd66cad750b4ba95b5931c08c546fdeb"
"289","cedb2adae1e09f1290434370eef5e825"
"290","cf6772ef901142062307d289934895fc"
"291","cfbd09f206f91f12daa56db3cba9e1ca"
"292","d0002586958456a4a0af29029232e1a8"
"293","d15a89ac9c5c911f607c879f6cde290f"
"294","d2f0fccd650b5fe9441f231db0721567"
"295","d3e420440fa50b95942d52bcbddb2d65"
"296","d55e017cc4845f0527c43e561523061b"
"297","d5937a4db1b2dc703b11dcd07d6abec3"
"298","d5b319e6b4af0b2c8551c212883834a2"
"299","d7a0573730ab7c23c963d8af98d58e5a"
"300","d7e1cd9c85b81ccaca2b1aa0ee4320e5"
"301","d8633e2cd2bbc2b4a51eaca41aa1dc02"
"302","d97b90eaa6fc2bc9ea29f73ceda5ec13"
"303","dc760eb006d963def882e349ad2c607d"
"304","dc82fe294547d4c97fc47b43427c32e5"
"305","dd2fc503670fa4e21f90fa354813f090"
"306","dfe40f7942052442591ef8302f4fa2fc"
"307","e0753f0cc8f63054c4343c1233d60ffe"
"308","e13a42a22f38ce98dc13b91d70799c12"
"309","e17f8f67349644e42e1a046003f61648"
"310","e1880927a8ef349d212d39c44fd845e3"
"311","e1b6513af7373482215f5f9caae900ea"
"312","e22e348f470603723c02426db756bd06"
"313","e27b049554e54f175991953dc8649d82"
"314","e329f32c5615c0897d1eb1c603265e84"
"315","e4ea14d65915342a46685120388b0300"
"316","e4f80039854476b7c1479eb986d8ffcf"
"317","e61eeee57e713a7cbb4e0a710fa0f711"
"318","e647741a5f6c236aeba746b994370a49"
"319","e6d1267a5a088d9d1529db6b6b7d8e87"
"320","e6d72c7dd2958a4d86cf7b385da8dff9"
"321","e893cd4f96138162c14244fa38c57fc4"
"322","e8e194613e2f885649f51fe9faf14a51"
"323","e92cc837ecb1f4417e386fb310719e38"
"324","eb0560dcd28aeeda715bc03ba6b8ec9b"
"325","eb53b76b885e586395e01465354f72b2"
"326","ebed97b578bd9a6b687b6ab92acaaf05"
"327","ecb2ba888547967cd7b5c81b0da4b532"
"328","ecda52bf671aa7c592a73b726bbb9366"
"329","ee0ee6b16268cd396d8e3b1fdabf1dba"
"330","eea6aa84ab873ea69e53aac8405e6474"
"331","ef373b3a7daac72b2c4ed0dbdbd637ee"
"332","ef5ef7337ec2b36964278a18f4f68a69"
"333","f050db70d2b2cb29f6c35fa45c9326ff"
"334","f1f7f2ce65e92da3dc5c620caea82dce"
"335","f2b856581976df99aac6d7853ce4147c"
"336","f2b905a118cf2015b927e743ddbd8c64"
"337","f605b17b332c593f2e6741816a0e27b8"
"338","f621f20b27a90597ce21fafc0dee8ceb"
"339","f6c3dec37365829f94adfcc0a92781dc"
"340","f7f9ba877b33041f2f3078e0be0668d0"
"341","f844377bd055e27320acac93d1406608"
"342","f8f033c6ae61d025c2de66f4b9c3af4b"
"343","f90344f1de1f8d3fa08d8eac568fafdb"
"344","fb256371cf0cf14776e3537d5f48960f"
"345","fd7bc2af2e89dba4042076e4172e0db9"
"346","fde248adac87e7f55c31d257ba76ac10"
"347","fe8762369c30c041d90b21d060c219b0"
"348","fecea62c863382dc58a2b56ce7b2c0f3"
"349","ff3ee0529d82fc2c4cd123e5d11dc6fa"
"350","ff515ae5174e7e81d94cbec8d4a6f578"
"351","ffb6822a6c62ecc0f24a65f173a1d7df"
